[{"sidebar-1":["woocommerce_product_search-5","woocommerce_product_categories-6","woocommerce_recently_viewed_products-3"],"footer-1":["text-4"],"footer-2":["woocommerce_product_categories-7"],"footer-3":["text-5"],"footer-4":["woocommerce_product_search-6"],"asalah_custom_sidebar_1":["woocommerce_product_search-2","woocommerce_layered_nav_filters-2","woocommerce_price_filter-3","woocommerce_product_categories-2","woocommerce_top_rated_products-2"]},{"woocommerce_product_search":{"5":{"title":"Search Products"},"6":{"title":"Discover Products"},"2":{"title":"Search Products"},"_multiwidget":1},"woocommerce_product_categories":{"6":{"title":"Product Categories","orderby":"name","dropdown":0,"count":0,"hierarchical":"1","show_children_only":0},"7":{"title":"Product Categories","orderby":"name","dropdown":0,"count":0,"hierarchical":"1","show_children_only":0},"2":{"title":"Product Categories","orderby":"name","dropdown":0,"count":0,"hierarchical":"1","show_children_only":0},"_multiwidget":1},"woocommerce_recently_viewed_products":{"3":{"title":"Recently Viewed Products","number":"10"},"_multiwidget":1},"text":{"4":{"title":"About Us","text":"Lorem ipsum dolor sit amet, consetetur sadipscing elitr, sed diam nonumy eirmod tempor invidunt ut labore et dolore magna aliquyam erat, sed diam voluptua. At vero eos et accusam.","filter":false},"5":{"title":"Contact Info","text":"[icon name=\"fa fa-map-marker\"] [bold]Address: [\/bold] 123 Street St. City, CN 10044.\r\n[br][space size=\"8\"]\r\n[icon name=\"fa fa-phone\"] [bold]Phone: [\/bold] +1-234-5678[br][space size=\"8\"]\r\n[icon name=\"fa fa-envelope\"] [bold]Mail: [\/bold] info@sana.com[br][space size=\"8\"]\r\n[my_social]","filter":false},"_multiwidget":1},"woocommerce_layered_nav_filters":{"2":{"title":"Active Filters"},"_multiwidget":1},"woocommerce_price_filter":{"3":{"title":"Filter by price"},"_multiwidget":1},"woocommerce_top_rated_products":{"2":{"title":"Top Products","number":"4"},"_multiwidget":1}}]