[{"sidebar-1":["search-4","recent-posts-3","recent-comments-3","archives-3","categories-5"],"footer-1":["text-2"],"footer-2":["text-4"],"footer-3":["postlist-widget-3"],"footer-4":["nav_menu-3"],"footer-5":["categories-6","search-5"]},{"search":{"4":{"title":""},"5":{"title":""},"_multiwidget":1},"recent-posts":{"3":{"title":"","number":5,"show_date":false},"_multiwidget":1},"recent-comments":{"3":{"title":"","number":5},"_multiwidget":1},"archives":{"3":{"title":"","count":0,"dropdown":0},"_multiwidget":1},"categories":{"5":{"title":"","count":0,"hierarchical":0,"dropdown":0},"6":{"title":"","count":0,"hierarchical":0,"dropdown":0},"_multiwidget":1},"text":{"2":{"title":"About Sanablood","text":"[text]\r\nGlobally visualize resource sucking relationships with inexpensive systems. Intrinsicly coordinate sticky technologies[br]Dramatically disseminate high-payoff methods of empowerment.\r\n[\/text]\r\n[br][br]\r\n[my_social]","filter":false},"4":{"title":"Contact Info","text":"[icon name=\"fa fa-map-marker\"] [bold]Address: [\/bold] 123 Street St. City, CN 10044.\r\n[br][space size=\"8\"]\r\n[icon name=\"fa fa-phone\"] [bold]Phone: [\/bold] +1-234-5678[br][space size=\"8\"]\r\n[icon name=\"fa fa-fax\"] [bold]Fax: [\/bold] +1-354-4566[br][space size=\"8\"]\r\n[icon name=\"fa fa-envelope\"] [bold]Mail: [\/bold] info@sana.com[br][space size=\"8\"]\r\n[icon name=\"fa fa-globe\"] [bold]Site: [\/bold] www.sana.com[br][space size=\"8\"]","filter":false},"_multiwidget":1},"postlist-widget":{"3":{"title":"Recent News","thumbnail":"smallbloglist","number":"3","order":"date","tags":""},"_multiwidget":1},"nav_menu":{"3":{"title":"Navigate","nav_menu":13},"_multiwidget":1}}]