[{"sidebar-1":["search-3","recent-posts-3","recent-comments-3","archives-3","categories-3"],"footer-1":["text-2"],"footer-2":["postlist-widget-3"],"footer-3":["tag_cloud-3","text-4"],"footer-4":["nav_menu-3"]},{"search":{"3":{"title":""},"_multiwidget":1},"recent-posts":{"3":{"title":"","number":5,"show_date":false},"_multiwidget":1},"recent-comments":{"3":{"title":"","number":5},"_multiwidget":1},"archives":{"3":{"title":"","count":0,"dropdown":0},"_multiwidget":1},"categories":{"3":{"title":"","count":0,"hierarchical":0,"dropdown":0},"_multiwidget":1},"text":{"2":{"title":"Sanabel.","text":"Lorem ipsum dolor sit amet, consetetur sadipscing elitr, sed diam nonumy eirmod tempor invidunt ut labore et dolore magna aliquyam erat.","filter":false},"4":{"title":"","text":"[my_social color=\"#343434\"]","filter":false},"_multiwidget":1},"postlist-widget":{"3":{"title":"Recent News","thumbnail":"smallbloglist","number":"2","order":"date","tags":""},"_multiwidget":1},"tag_cloud":{"3":{"title":"Explore More.","taxonomy":"post_tag"},"_multiwidget":1},"nav_menu":{"3":{"title":"Navigate","nav_menu":9},"_multiwidget":1}}]