<?xml version="1.0" encoding="UTF-8" ?>
<!-- This is a WordPress eXtended RSS file generated by WordPress as an export of your site. -->
<!-- It contains information about your site's posts, pages, comments, categories, and other content. -->
<!-- You may use this file to transfer that content from one site to another. -->
<!-- This file is not intended to serve as a complete backup of your site. -->

<!-- To import this information into a WordPress site follow these steps: -->
<!-- 1. Log in to that site as an administrator. -->
<!-- 2. Go to Tools: Import in the WordPress admin panel. -->
<!-- 3. Install the "WordPress" importer from the list. -->
<!-- 4. Activate & Run Importer. -->
<!-- 5. Upload this file using the form provided on that page. -->
<!-- 6. You will first be asked to map the authors in this export file to users -->
<!--    on the site. For each author, you may choose to map to an -->
<!--    existing user on the site or to create a new user. -->
<!-- 7. WordPress will then import each of the posts, pages, comments, categories, etc. -->
<!--    contained in this file into your site. -->

<!-- generator="WordPress/4.4.10" created="2017-08-10 18:58" -->
<rss version="2.0"
	xmlns:excerpt="http://wordpress.org/export/1.2/excerpt/"
	xmlns:content="http://purl.org/rss/1.0/modules/content/"
	xmlns:wfw="http://wellformedweb.org/CommentAPI/"
	xmlns:dc="http://purl.org/dc/elements/1.1/"
	xmlns:wp="http://wordpress.org/export/1.2/"
>

<channel>
	<title>Sana Broccoli</title>
	<link>https://ahmad.works/sanabel/6</link>
	<description>Just another WordPress site</description>
	<pubDate>Thu, 10 Aug 2017 18:58:47 +0000</pubDate>
	<language>en-US</language>
	<wp:wxr_version>1.2</wp:wxr_version>
	<wp:base_site_url>https://ahmad.works/sanabel/6</wp:base_site_url>
	<wp:base_blog_url>https://ahmad.works/sanabel/6</wp:base_blog_url>

	<wp:author><wp:author_id>1</wp:author_id><wp:author_login><![CDATA[ahmad]]></wp:author_login><wp:author_email><![CDATA[abouhashem.ahmad@gmail.com]]></wp:author_email><wp:author_display_name><![CDATA[ahmad]]></wp:author_display_name><wp:author_first_name><![CDATA[]]></wp:author_first_name><wp:author_last_name><![CDATA[]]></wp:author_last_name></wp:author>

	<wp:category><wp:term_id>1</wp:term_id><wp:category_nicename><![CDATA[uncategorized]]></wp:category_nicename><wp:category_parent><![CDATA[]]></wp:category_parent><wp:cat_name><![CDATA[Uncategorized]]></wp:cat_name></wp:category>

	<generator>https://wordpress.org/?v=4.4.10</generator>

	<item>
		<title>Hello world!</title>
		<link>https://ahmad.works/sanabel/6/hello-world/</link>
		<pubDate>Sun, 14 Dec 2014 00:21:36 +0000</pubDate>
		<dc:creator><![CDATA[ahmad]]></dc:creator>
		<guid isPermaLink="false">http://ahmad.works/sanabel/6/?p=1</guid>
		<description></description>
		<content:encoded><![CDATA[Welcome to WordPress. This is your first post. Edit or delete it, then start blogging!]]></content:encoded>
		<excerpt:encoded><![CDATA[]]></excerpt:encoded>
		<wp:post_id>1</wp:post_id>
		<wp:post_date><![CDATA[2014-12-14 00:21:36]]></wp:post_date>
		<wp:post_date_gmt><![CDATA[2014-12-14 00:21:36]]></wp:post_date_gmt>
		<wp:comment_status><![CDATA[open]]></wp:comment_status>
		<wp:ping_status><![CDATA[open]]></wp:ping_status>
		<wp:post_name><![CDATA[hello-world]]></wp:post_name>
		<wp:status><![CDATA[publish]]></wp:status>
		<wp:post_parent>0</wp:post_parent>
		<wp:menu_order>0</wp:menu_order>
		<wp:post_type><![CDATA[post]]></wp:post_type>
		<wp:post_password><![CDATA[]]></wp:post_password>
		<wp:is_sticky>0</wp:is_sticky>
		<category domain="category" nicename="uncategorized"><![CDATA[Uncategorized]]></category>
		<wp:comment>
			<wp:comment_id>1</wp:comment_id>
			<wp:comment_author><![CDATA[Mr WordPress]]></wp:comment_author>
			<wp:comment_author_email><![CDATA[]]></wp:comment_author_email>
			<wp:comment_author_url>http://wordpress.org/</wp:comment_author_url>
			<wp:comment_author_IP><![CDATA[]]></wp:comment_author_IP>
			<wp:comment_date><![CDATA[2014-12-14 00:21:36]]></wp:comment_date>
			<wp:comment_date_gmt><![CDATA[2014-12-14 00:21:36]]></wp:comment_date_gmt>
			<wp:comment_content><![CDATA[Hi, this is a comment.
To delete a comment, just log in and view the post&#039;s comments. There you will have the option to edit or delete them.]]></wp:comment_content>
			<wp:comment_approved><![CDATA[1]]></wp:comment_approved>
			<wp:comment_type><![CDATA[]]></wp:comment_type>
			<wp:comment_parent>0</wp:comment_parent>
			<wp:comment_user_id>0</wp:comment_user_id>
		</wp:comment>
	</item>
	<item>
		<title>Sample Page</title>
		<link>https://ahmad.works/sanabel/6/sample-page/</link>
		<pubDate>Sun, 14 Dec 2014 00:21:36 +0000</pubDate>
		<dc:creator><![CDATA[ahmad]]></dc:creator>
		<guid isPermaLink="false">http://ahmad.works/sanabel/6/?page_id=2</guid>
		<description></description>
		<content:encoded><![CDATA[This is an example page. It's different from a blog post because it will stay in one place and will show up in your site navigation (in most themes). Most people start with an About page that introduces them to potential site visitors. It might say something like this:

<blockquote>Hi there! I'm a bike messenger by day, aspiring actor by night, and this is my blog. I live in Los Angeles, have a great dog named Jack, and I like pi&#241;a coladas. (And gettin' caught in the rain.)</blockquote>

...or something like this:

<blockquote>The XYZ Doohickey Company was founded in 1971, and has been providing quality doohickeys to the public ever since. Located in Gotham City, XYZ employs over 2,000 people and does all kinds of awesome things for the Gotham community.</blockquote>

As a new WordPress user, you should go to <a href="http://ahmad.works/sanabel/6/wp-admin/">your dashboard</a> to delete this page and create new pages for your content. Have fun!]]></content:encoded>
		<excerpt:encoded><![CDATA[]]></excerpt:encoded>
		<wp:post_id>2</wp:post_id>
		<wp:post_date><![CDATA[2014-12-14 00:21:36]]></wp:post_date>
		<wp:post_date_gmt><![CDATA[2014-12-14 00:21:36]]></wp:post_date_gmt>
		<wp:comment_status><![CDATA[open]]></wp:comment_status>
		<wp:ping_status><![CDATA[open]]></wp:ping_status>
		<wp:post_name><![CDATA[sample-page]]></wp:post_name>
		<wp:status><![CDATA[publish]]></wp:status>
		<wp:post_parent>0</wp:post_parent>
		<wp:menu_order>0</wp:menu_order>
		<wp:post_type><![CDATA[page]]></wp:post_type>
		<wp:post_password><![CDATA[]]></wp:post_password>
		<wp:is_sticky>0</wp:is_sticky>
		<wp:postmeta>
			<wp:meta_key><![CDATA[_wp_page_template]]></wp:meta_key>
			<wp:meta_value><![CDATA[default]]></wp:meta_value>
		</wp:postmeta>
	</item>
	<item>
		<title>Contact form 1</title>
		<link>https://ahmad.works/sanabel/6/?post_type=wpcf7_contact_form&#038;p=4</link>
		<pubDate>Sun, 14 Dec 2014 00:36:21 +0000</pubDate>
		<dc:creator><![CDATA[ahmad]]></dc:creator>
		<guid isPermaLink="false">http://ahmad.works/sanabel/6/?post_type=wpcf7_contact_form&#038;p=4</guid>
		<description></description>
		<content:encoded><![CDATA[<div class="row"><div class="one_third"><p>
    [text* your-name placeholder "Name"] </p></div>

<div class="one_third"><p>
    [email* your-email placeholder "Email"] </p></div>

<div class="one_third"><p>
    [text your-subject placeholder "Department"] </p></div>

<div class="full_column"><p>
    [textarea your-message placeholder "Write more details here..."] </p>
<p>[submit "Send"]</p>
</div></div>
[your-subject]
[your-name] <wordpress@ahmad.works>
From: [your-name] <[your-email]>
Subject: [your-subject]

Message Body:
[your-message]

--
This e-mail was sent from a contact form on Sana Broccoli (http://ahmad.works/sanabel/6)
abouhashem.ahmad@gmail.com
Reply-To: [your-email]




[your-subject]
Sana Broccoli <wordpress@ahmad.works>
Message Body:
[your-message]

--
This e-mail was sent from a contact form on Sana Broccoli (http://ahmad.works/sanabel/6)
[your-email]
Reply-To: abouhashem.ahmad@gmail.com



Your message was sent successfully. Thanks.
Failed to send your message. Please try later or contact the administrator by another method.
Validation errors occurred. Please confirm the fields and submit it again.
Failed to send your message. Please try later or contact the administrator by another method.
Please accept the terms to proceed.
Please fill the required field.
Your entered code is incorrect.
Number format seems invalid.
This number is too small.
This number is too large.
Email address seems invalid.
URL seems invalid.
Telephone number seems invalid.
Your answer is not correct.
Date format seems invalid.
This date is too early.
This date is too late.
Failed to upload file.
This file type is not allowed.
This file is too large.
Failed to upload file. Error occurred.]]></content:encoded>
		<excerpt:encoded><![CDATA[]]></excerpt:encoded>
		<wp:post_id>4</wp:post_id>
		<wp:post_date><![CDATA[2014-12-14 00:36:21]]></wp:post_date>
		<wp:post_date_gmt><![CDATA[2014-12-14 00:36:21]]></wp:post_date_gmt>
		<wp:comment_status><![CDATA[open]]></wp:comment_status>
		<wp:ping_status><![CDATA[open]]></wp:ping_status>
		<wp:post_name><![CDATA[contact-form-1]]></wp:post_name>
		<wp:status><![CDATA[publish]]></wp:status>
		<wp:post_parent>0</wp:post_parent>
		<wp:menu_order>0</wp:menu_order>
		<wp:post_type><![CDATA[wpcf7_contact_form]]></wp:post_type>
		<wp:post_password><![CDATA[]]></wp:post_password>
		<wp:is_sticky>0</wp:is_sticky>
		<wp:postmeta>
			<wp:meta_key><![CDATA[_form]]></wp:meta_key>
			<wp:meta_value><![CDATA[<div class="row"><div class="one_third"><p>
    [text* your-name placeholder "Name"] </p></div>

<div class="one_third"><p>
    [email* your-email placeholder "Email"] </p></div>

<div class="one_third"><p>
    [text your-subject placeholder "Department"] </p></div>

<div class="full_column"><p>
    [textarea your-message placeholder "Write more details here..."] </p>
<p>[submit "Send"]</p>
</div></div>]]></wp:meta_value>
		</wp:postmeta>
		<wp:postmeta>
			<wp:meta_key><![CDATA[_mail]]></wp:meta_key>
			<wp:meta_value><![CDATA[a:8:{s:7:"subject";s:14:"[your-subject]";s:6:"sender";s:35:"[your-name] <wordpress@ahmad.works>";s:4:"body";s:179:"From: [your-name] <[your-email]>
Subject: [your-subject]

Message Body:
[your-message]

--
This e-mail was sent from a contact form on Sana Broccoli (http://ahmad.works/sanabel/6)";s:9:"recipient";s:26:"abouhashem.ahmad@gmail.com";s:18:"additional_headers";s:22:"Reply-To: [your-email]";s:11:"attachments";s:0:"";s:8:"use_html";b:0;s:13:"exclude_blank";b:0;}]]></wp:meta_value>
		</wp:postmeta>
		<wp:postmeta>
			<wp:meta_key><![CDATA[_mail_2]]></wp:meta_key>
			<wp:meta_value><![CDATA[a:9:{s:6:"active";b:0;s:7:"subject";s:14:"[your-subject]";s:6:"sender";s:37:"Sana Broccoli <wordpress@ahmad.works>";s:4:"body";s:121:"Message Body:
[your-message]

--
This e-mail was sent from a contact form on Sana Broccoli (http://ahmad.works/sanabel/6)";s:9:"recipient";s:12:"[your-email]";s:18:"additional_headers";s:36:"Reply-To: abouhashem.ahmad@gmail.com";s:11:"attachments";s:0:"";s:8:"use_html";b:0;s:13:"exclude_blank";b:0;}]]></wp:meta_value>
		</wp:postmeta>
		<wp:postmeta>
			<wp:meta_key><![CDATA[_messages]]></wp:meta_key>
			<wp:meta_value><![CDATA[a:21:{s:12:"mail_sent_ok";s:43:"Your message was sent successfully. Thanks.";s:12:"mail_sent_ng";s:93:"Failed to send your message. Please try later or contact the administrator by another method.";s:16:"validation_error";s:74:"Validation errors occurred. Please confirm the fields and submit it again.";s:4:"spam";s:93:"Failed to send your message. Please try later or contact the administrator by another method.";s:12:"accept_terms";s:35:"Please accept the terms to proceed.";s:16:"invalid_required";s:31:"Please fill the required field.";s:17:"captcha_not_match";s:31:"Your entered code is incorrect.";s:14:"invalid_number";s:28:"Number format seems invalid.";s:16:"number_too_small";s:25:"This number is too small.";s:16:"number_too_large";s:25:"This number is too large.";s:13:"invalid_email";s:28:"Email address seems invalid.";s:11:"invalid_url";s:18:"URL seems invalid.";s:11:"invalid_tel";s:31:"Telephone number seems invalid.";s:23:"quiz_answer_not_correct";s:27:"Your answer is not correct.";s:12:"invalid_date";s:26:"Date format seems invalid.";s:14:"date_too_early";s:23:"This date is too early.";s:13:"date_too_late";s:22:"This date is too late.";s:13:"upload_failed";s:22:"Failed to upload file.";s:24:"upload_file_type_invalid";s:30:"This file type is not allowed.";s:21:"upload_file_too_large";s:23:"This file is too large.";s:23:"upload_failed_php_error";s:38:"Failed to upload file. Error occurred.";}]]></wp:meta_value>
		</wp:postmeta>
		<wp:postmeta>
			<wp:meta_key><![CDATA[_additional_settings]]></wp:meta_key>
			<wp:meta_value><![CDATA[]]></wp:meta_value>
		</wp:postmeta>
		<wp:postmeta>
			<wp:meta_key><![CDATA[_locale]]></wp:meta_key>
			<wp:meta_value><![CDATA[en_US]]></wp:meta_value>
		</wp:postmeta>
	</item>
	<item>
		<title>home</title>
		<link>https://ahmad.works/sanabel/6/</link>
		<pubDate>Sun, 14 Dec 2014 00:44:23 +0000</pubDate>
		<dc:creator><![CDATA[ahmad]]></dc:creator>
		<guid isPermaLink="false">http://ahmad.works/sanabel/6/?page_id=5</guid>
		<description></description>
		<content:encoded><![CDATA[[section padding_top="100" padding_bottom="50" bg="image" bg_image="https://ahmad.works/sanabel/6/wp-content/uploads/2015/01/menubg.jpg" content_color="#fff" bg_style="cover"] [/section] [section content_align="center"] [slide] [row] [one_half][service size="big" image_width="170" frame="light" type="image" image_url="https://ahmad.works/sanabel/6/wp-content/uploads/2015/01/menu1.jpg" title="Turkey Steak" value="23$" icon_position="left" align="left"]Appropriately expedite corporate methods of empowerment after global internal[/service][/one_half] [one_half][service size="big" image_width="170" frame="light" type="image" image_url="https://ahmad.works/sanabel/6/wp-content/uploads/2015/01/menu2.jpg" title="Yummy Pizza" value="23$" icon_position="left" align="left"]Appropriately expedite corporate methods of empowerment after global internal[/service][/one_half] [/row] [row] [one_half][service size="big" image_width="170" frame="light" type="image" image_url="https://ahmad.works/sanabel/6/wp-content/uploads/2015/01/menu3.jpg" title="Special Burger" value="23$" icon_position="left" align="left"]Appropriately expedite corporate methods of empowerment after global internal[/service][/one_half] [one_half][service size="big" image_width="170" frame="light" type="image" image_url="https://ahmad.works/sanabel/6/wp-content/uploads/2015/01/menu4.jpg" title="Chicken Meal" value="23$" icon_position="left" align="left"]Appropriately expedite corporate methods of empowerment after global internal[/service][/one_half] [/row] [/slide] [slide] [row] [one_half][service size="big" image_width="170" frame="light" type="image" image_url="https://ahmad.works/sanabel/6/wp-content/uploads/2015/01/menu5.jpg" title="Turkey Steak" value="23$" icon_position="left" align="left"]Appropriately expedite corporate methods of empowerment after global internal[/service][/one_half] [one_half][service size="big" image_width="170" frame="light" type="image" image_url="https://ahmad.works/sanabel/6/wp-content/uploads/2015/01/menu6.jpg" title="Yummy Pizza" value="23$" icon_position="left" align="left"]Appropriately expedite corporate methods of empowerment after global internal[/service][/one_half] [/row] [row] [one_half][service size="big" image_width="170" frame="light" type="image" image_url="https://ahmad.works/sanabel/6/wp-content/uploads/2015/01/menu7.jpg" title="Special Burger" value="23$" icon_position="left" align="left"]Appropriately expedite corporate methods of empowerment after global internal[/service][/one_half] [one_half][service size="big" image_width="170" frame="light" type="image" image_url="https://ahmad.works/sanabel/6/wp-content/uploads/2015/01/menu8.jpg" title="Chicken Meal" value="23$" icon_position="left" align="left"]Appropriately expedite corporate methods of empowerment after global internal[/service][/one_half] [/row] [/slide] [/section] [section bg="image" bg_image="https://ahmad.works/sanabel/6/wp-content/uploads/2015/01/teambg.jpg" content_color="#fff" bg_style="cover"] [/section] [section] [row] [one_half] [img url="https://ahmad.works/sanabel/6/wp-content/uploads/2014/12/chef2.jpg" frame="light"] [/one_half] [one_half] [title divider="thick" margin_top="40"]Chef Manager[/title] [text]Interactively integrate parallel architectures after ubiquitous solutions. Professionally leverage existing transparent leadership skills for B2B ROI. Monotonectally administrate installed base materials without high-payoff e-markets. Energistically network performance based architectures through innovative services. Efficiently deliver cost effective channels whereas 2.0 innovation. [br] Interactively integrate parallel architectures after ubiquitous solutions. Professionally leverage existing transparent leadership skills for B2B ROI. Monotonectally. [/text] [/one_half] [/row] [/section] [section] [row] [one_half] [img url="https://ahmad.works/sanabel/6/wp-content/uploads/2015/01/team.jpg" frame="light"] [/one_half] [one_half] [title divider="thick" margin_top="40"]Sana Broccoli Team[/title] [text]Interactively integrate parallel architectures after ubiquitous solutions. Professionally leverage existing transparent leadership skills for B2B ROI. Monotonectally administrate installed base materials without high-payoff e-markets. Energistically network performance based architectures through innovative services. Efficiently deliver cost effective channels whereas 2.0 innovation. [/text] [/one_half] [/row] [/section] [section bg="image" bg_image="https://ahmad.works/sanabel/6/wp-content/uploads/2015/01/resrevationbg.jpg" content_color="#fff" bg_style="cover"] [/section] [section] [row] [one_half][map frame="light" location="First Branch" lat="-37.815689" long="144.955373" height="400px" style="3"][/one_half] [one_half] [title divider="thick" margin_top="30"]Contact Info[/title] [text] [bold]Address:[/bold] 123 Street St Building Num 18B. City, CN 10044.[br] [bold]Phone number:[/bold] 19655[br] [bold]Email:[/bold] contact@sanab.com[br] [title divider="thick" margin_top="30"]Working Times[/title] [bold]Monday - Friday[/bold] 9:00 am - 21:00 pm[br] [bold]Saturday - Sunday[/bold] 9:00 am - 23:00 pm[br] [/text] [space size="20"] [button url="http://www.opentable.com/the-tailor-and-the-cook" size="medium" align="center"]Find Table[/button] [/one_half] [/row] [/section]]]></content:encoded>
		<excerpt:encoded><![CDATA[]]></excerpt:encoded>
		<wp:post_id>5</wp:post_id>
		<wp:post_date><![CDATA[2014-12-14 00:44:23]]></wp:post_date>
		<wp:post_date_gmt><![CDATA[2014-12-14 00:44:23]]></wp:post_date_gmt>
		<wp:comment_status><![CDATA[open]]></wp:comment_status>
		<wp:ping_status><![CDATA[open]]></wp:ping_status>
		<wp:post_name><![CDATA[home]]></wp:post_name>
		<wp:status><![CDATA[publish]]></wp:status>
		<wp:post_parent>0</wp:post_parent>
		<wp:menu_order>0</wp:menu_order>
		<wp:post_type><![CDATA[page]]></wp:post_type>
		<wp:post_password><![CDATA[]]></wp:post_password>
		<wp:is_sticky>0</wp:is_sticky>
		<wp:postmeta>
			<wp:meta_key><![CDATA[_edit_last]]></wp:meta_key>
			<wp:meta_value><![CDATA[1]]></wp:meta_value>
		</wp:postmeta>
		<wp:postmeta>
			<wp:meta_key><![CDATA[_wp_page_template]]></wp:meta_key>
			<wp:meta_value><![CDATA[page-templates/landingpage.php]]></wp:meta_value>
		</wp:postmeta>
		<wp:postmeta>
			<wp:meta_key><![CDATA[slide_template]]></wp:meta_key>
			<wp:meta_value><![CDATA[default]]></wp:meta_value>
		</wp:postmeta>
		<wp:postmeta>
			<wp:meta_key><![CDATA[asalah_post_layout]]></wp:meta_key>
			<wp:meta_value><![CDATA[default]]></wp:meta_value>
		</wp:postmeta>
		<wp:postmeta>
			<wp:meta_key><![CDATA[asalah_custom_sidebar]]></wp:meta_key>
			<wp:meta_value><![CDATA[none]]></wp:meta_value>
		</wp:postmeta>
		<wp:postmeta>
			<wp:meta_key><![CDATA[asalah_title_holder]]></wp:meta_key>
			<wp:meta_value><![CDATA[0]]></wp:meta_value>
		</wp:postmeta>
		<wp:postmeta>
			<wp:meta_key><![CDATA[asalah_breadcrumb]]></wp:meta_key>
			<wp:meta_value><![CDATA[0]]></wp:meta_value>
		</wp:postmeta>
		<wp:postmeta>
			<wp:meta_key><![CDATA[asalah_post_title]]></wp:meta_key>
			<wp:meta_value><![CDATA[show]]></wp:meta_value>
		</wp:postmeta>
		<wp:postmeta>
			<wp:meta_key><![CDATA[asalah_meta_info]]></wp:meta_key>
			<wp:meta_value><![CDATA[default]]></wp:meta_value>
		</wp:postmeta>
		<wp:postmeta>
			<wp:meta_key><![CDATA[asalah_author_box]]></wp:meta_key>
			<wp:meta_value><![CDATA[default]]></wp:meta_value>
		</wp:postmeta>
		<wp:postmeta>
			<wp:meta_key><![CDATA[asalah_author_meta]]></wp:meta_key>
			<wp:meta_value><![CDATA[default]]></wp:meta_value>
		</wp:postmeta>
		<wp:postmeta>
			<wp:meta_key><![CDATA[asalah_post_share]]></wp:meta_key>
			<wp:meta_value><![CDATA[default]]></wp:meta_value>
		</wp:postmeta>
		<wp:postmeta>
			<wp:meta_key><![CDATA[asalah_post_tags]]></wp:meta_key>
			<wp:meta_value><![CDATA[default]]></wp:meta_value>
		</wp:postmeta>
		<wp:postmeta>
			<wp:meta_key><![CDATA[asalah_post_date]]></wp:meta_key>
			<wp:meta_value><![CDATA[default]]></wp:meta_value>
		</wp:postmeta>
		<wp:postmeta>
			<wp:meta_key><![CDATA[asalah_post_comments]]></wp:meta_key>
			<wp:meta_value><![CDATA[default]]></wp:meta_value>
		</wp:postmeta>
		<wp:postmeta>
			<wp:meta_key><![CDATA[asalah_custom_title_bg]]></wp:meta_key>
			<wp:meta_value><![CDATA[]]></wp:meta_value>
		</wp:postmeta>
		<wp:postmeta>
			<wp:meta_key><![CDATA[asalah_banner_padding_top]]></wp:meta_key>
			<wp:meta_value><![CDATA[]]></wp:meta_value>
		</wp:postmeta>
		<wp:postmeta>
			<wp:meta_key><![CDATA[asalah_banner_padding_bottom]]></wp:meta_key>
			<wp:meta_value><![CDATA[asalah_page_title_bg_overlay_color]]></wp:meta_value>
		</wp:postmeta>
		<wp:postmeta>
			<wp:meta_key><![CDATA[asalah_banner_video_mp4]]></wp:meta_key>
			<wp:meta_value><![CDATA[]]></wp:meta_value>
		</wp:postmeta>
		<wp:postmeta>
			<wp:meta_key><![CDATA[asalah_banner_video_m4v]]></wp:meta_key>
			<wp:meta_value><![CDATA[]]></wp:meta_value>
		</wp:postmeta>
		<wp:postmeta>
			<wp:meta_key><![CDATA[asalah_banner_video_webm]]></wp:meta_key>
			<wp:meta_value><![CDATA[]]></wp:meta_value>
		</wp:postmeta>
		<wp:postmeta>
			<wp:meta_key><![CDATA[asalah_banner_video_ogv]]></wp:meta_key>
			<wp:meta_value><![CDATA[]]></wp:meta_value>
		</wp:postmeta>
		<wp:postmeta>
			<wp:meta_key><![CDATA[asalah_rev_alias]]></wp:meta_key>
			<wp:meta_value><![CDATA[]]></wp:meta_value>
		</wp:postmeta>
		<wp:postmeta>
			<wp:meta_key><![CDATA[asalah_rev_slier_next_arrow]]></wp:meta_key>
			<wp:meta_value><![CDATA[hide]]></wp:meta_value>
		</wp:postmeta>
		<wp:postmeta>
			<wp:meta_key><![CDATA[asalah_header_style]]></wp:meta_key>
			<wp:meta_value><![CDATA[black_overlay]]></wp:meta_value>
		</wp:postmeta>
		<wp:postmeta>
			<wp:meta_key><![CDATA[asalah_header_items_position]]></wp:meta_key>
			<wp:meta_value><![CDATA[center]]></wp:meta_value>
		</wp:postmeta>
		<wp:postmeta>
			<wp:meta_key><![CDATA[asalah_dark_header]]></wp:meta_key>
			<wp:meta_value><![CDATA[0]]></wp:meta_value>
		</wp:postmeta>
		<wp:postmeta>
			<wp:meta_key><![CDATA[asalah_transparent_header]]></wp:meta_key>
			<wp:meta_value><![CDATA[yes]]></wp:meta_value>
		</wp:postmeta>
		<wp:postmeta>
			<wp:meta_key><![CDATA[asalah_header_search]]></wp:meta_key>
			<wp:meta_value><![CDATA[0]]></wp:meta_value>
		</wp:postmeta>
		<wp:postmeta>
			<wp:meta_key><![CDATA[asalah_header_social]]></wp:meta_key>
			<wp:meta_value><![CDATA[0]]></wp:meta_value>
		</wp:postmeta>
		<wp:postmeta>
			<wp:meta_key><![CDATA[asalah_header_contact]]></wp:meta_key>
			<wp:meta_value><![CDATA[0]]></wp:meta_value>
		</wp:postmeta>
		<wp:postmeta>
			<wp:meta_key><![CDATA[asalah_sticky_header]]></wp:meta_key>
			<wp:meta_value><![CDATA[no]]></wp:meta_value>
		</wp:postmeta>
		<wp:postmeta>
			<wp:meta_key><![CDATA[asalah_hide_footer]]></wp:meta_key>
			<wp:meta_value><![CDATA[0]]></wp:meta_value>
		</wp:postmeta>
		<wp:postmeta>
			<wp:meta_key><![CDATA[asalah_hide_footer1]]></wp:meta_key>
			<wp:meta_value><![CDATA[0]]></wp:meta_value>
		</wp:postmeta>
		<wp:postmeta>
			<wp:meta_key><![CDATA[asalah_hide_footer2]]></wp:meta_key>
			<wp:meta_value><![CDATA[0]]></wp:meta_value>
		</wp:postmeta>
		<wp:postmeta>
			<wp:meta_key><![CDATA[asalah_page_title_bg_repeat]]></wp:meta_key>
			<wp:meta_value><![CDATA[0]]></wp:meta_value>
		</wp:postmeta>
		<wp:postmeta>
			<wp:meta_key><![CDATA[asalah_page_title_bg_cover]]></wp:meta_key>
			<wp:meta_value><![CDATA[0]]></wp:meta_value>
		</wp:postmeta>
		<wp:postmeta>
			<wp:meta_key><![CDATA[asalah_page_title_bg_pos_y]]></wp:meta_key>
			<wp:meta_value><![CDATA[0]]></wp:meta_value>
		</wp:postmeta>
		<wp:postmeta>
			<wp:meta_key><![CDATA[asalah_page_title_bg_pos_x]]></wp:meta_key>
			<wp:meta_value><![CDATA[0]]></wp:meta_value>
		</wp:postmeta>
		<wp:postmeta>
			<wp:meta_key><![CDATA[asalah_page_title_bg_overlay]]></wp:meta_key>
			<wp:meta_value><![CDATA[0]]></wp:meta_value>
		</wp:postmeta>
		<wp:postmeta>
			<wp:meta_key><![CDATA[asalah_page_title_bg_overlay_color]]></wp:meta_key>
			<wp:meta_value><![CDATA[]]></wp:meta_value>
		</wp:postmeta>
		<wp:postmeta>
			<wp:meta_key><![CDATA[asalah_page_title_text_color]]></wp:meta_key>
			<wp:meta_value><![CDATA[]]></wp:meta_value>
		</wp:postmeta>
		<wp:postmeta>
			<wp:meta_key><![CDATA[asalah_page_title_style]]></wp:meta_key>
			<wp:meta_value><![CDATA[0]]></wp:meta_value>
		</wp:postmeta>
		<wp:postmeta>
			<wp:meta_key><![CDATA[asalah_logo_url]]></wp:meta_key>
			<wp:meta_value><![CDATA[https://ahmad.works/sanabel/6/wp-content/uploads/2014/12/logo.png]]></wp:meta_value>
		</wp:postmeta>
		<wp:postmeta>
			<wp:meta_key><![CDATA[asalah_logo_url_retina]]></wp:meta_key>
			<wp:meta_value><![CDATA[]]></wp:meta_value>
		</wp:postmeta>
		<wp:postmeta>
			<wp:meta_key><![CDATA[asalah_sticky_logo_url]]></wp:meta_key>
			<wp:meta_value><![CDATA[]]></wp:meta_value>
		</wp:postmeta>
		<wp:postmeta>
			<wp:meta_key><![CDATA[asalah_sticky_logo_url_retina]]></wp:meta_key>
			<wp:meta_value><![CDATA[]]></wp:meta_value>
		</wp:postmeta>
		<wp:postmeta>
			<wp:meta_key><![CDATA[asalah_logo_url_w]]></wp:meta_key>
			<wp:meta_value><![CDATA[]]></wp:meta_value>
		</wp:postmeta>
		<wp:postmeta>
			<wp:meta_key><![CDATA[asalah_logo_url_h]]></wp:meta_key>
			<wp:meta_value><![CDATA[80]]></wp:meta_value>
		</wp:postmeta>
		<wp:postmeta>
			<wp:meta_key><![CDATA[asalah_sticky_logo_width]]></wp:meta_key>
			<wp:meta_value><![CDATA[]]></wp:meta_value>
		</wp:postmeta>
		<wp:postmeta>
			<wp:meta_key><![CDATA[asalah_sticky_logo_height]]></wp:meta_key>
			<wp:meta_value><![CDATA[]]></wp:meta_value>
		</wp:postmeta>
		<wp:postmeta>
			<wp:meta_key><![CDATA[asalah_header_padding_top]]></wp:meta_key>
			<wp:meta_value><![CDATA[]]></wp:meta_value>
		</wp:postmeta>
		<wp:postmeta>
			<wp:meta_key><![CDATA[asalah_header_padding_bottom]]></wp:meta_key>
			<wp:meta_value><![CDATA[]]></wp:meta_value>
		</wp:postmeta>
		<wp:postmeta>
			<wp:meta_key><![CDATA[asalah_sticky_padding_top]]></wp:meta_key>
			<wp:meta_value><![CDATA[]]></wp:meta_value>
		</wp:postmeta>
		<wp:postmeta>
			<wp:meta_key><![CDATA[asalah_sticky_padding_bottom]]></wp:meta_key>
			<wp:meta_value><![CDATA[]]></wp:meta_value>
		</wp:postmeta>
		<wp:postmeta>
			<wp:meta_key><![CDATA[asalah_menu_margin_top]]></wp:meta_key>
			<wp:meta_value><![CDATA[]]></wp:meta_value>
		</wp:postmeta>
		<wp:postmeta>
			<wp:meta_key><![CDATA[asalah_sticky_menu_margin_top]]></wp:meta_key>
			<wp:meta_value><![CDATA[]]></wp:meta_value>
		</wp:postmeta>
		<wp:postmeta>
			<wp:meta_key><![CDATA[asalah_logo_margin_top]]></wp:meta_key>
			<wp:meta_value><![CDATA[]]></wp:meta_value>
		</wp:postmeta>
		<wp:postmeta>
			<wp:meta_key><![CDATA[asalah_sticky_logo_margin_top]]></wp:meta_key>
			<wp:meta_value><![CDATA[]]></wp:meta_value>
		</wp:postmeta>
		<wp:postmeta>
			<wp:meta_key><![CDATA[asalah_header_buttons_margin_top]]></wp:meta_key>
			<wp:meta_value><![CDATA[]]></wp:meta_value>
		</wp:postmeta>
		<wp:postmeta>
			<wp:meta_key><![CDATA[asalah_sticky_header_buttons_margin_top]]></wp:meta_key>
			<wp:meta_value><![CDATA[]]></wp:meta_value>
		</wp:postmeta>
		<wp:postmeta>
			<wp:meta_key><![CDATA[asalah_onepage_scroll]]></wp:meta_key>
			<wp:meta_value><![CDATA[yes]]></wp:meta_value>
		</wp:postmeta>
		<wp:postmeta>
			<wp:meta_key><![CDATA[asalah_portfolio_pagination]]></wp:meta_key>
			<wp:meta_value><![CDATA[default]]></wp:meta_value>
		</wp:postmeta>
		<wp:postmeta>
			<wp:meta_key><![CDATA[asalah_portfolio_thumnails]]></wp:meta_key>
			<wp:meta_value><![CDATA[default]]></wp:meta_value>
		</wp:postmeta>
		<wp:postmeta>
			<wp:meta_key><![CDATA[asalah_portfolio_style]]></wp:meta_key>
			<wp:meta_value><![CDATA[default]]></wp:meta_value>
		</wp:postmeta>
		<wp:postmeta>
			<wp:meta_key><![CDATA[asalah_portfolio_columns]]></wp:meta_key>
			<wp:meta_value><![CDATA[one_third]]></wp:meta_value>
		</wp:postmeta>
		<wp:postmeta>
			<wp:meta_key><![CDATA[asalah_blog_style]]></wp:meta_key>
			<wp:meta_value><![CDATA[default]]></wp:meta_value>
		</wp:postmeta>
		<wp:postmeta>
			<wp:meta_key><![CDATA[asalah_blog_pagination]]></wp:meta_key>
			<wp:meta_value><![CDATA[default]]></wp:meta_value>
		</wp:postmeta>
		<wp:postmeta>
			<wp:meta_key><![CDATA[asalah_blog_excrept_length]]></wp:meta_key>
			<wp:meta_value><![CDATA[40]]></wp:meta_value>
		</wp:postmeta>
		<wp:postmeta>
			<wp:meta_key><![CDATA[asalah_before_content]]></wp:meta_key>
			<wp:meta_value><![CDATA[]]></wp:meta_value>
		</wp:postmeta>
		<wp:postmeta>
			<wp:meta_key><![CDATA[asalah_after_content]]></wp:meta_key>
			<wp:meta_value><![CDATA[]]></wp:meta_value>
		</wp:postmeta>
		<wp:postmeta>
			<wp:meta_key><![CDATA[asalah_shop_style]]></wp:meta_key>
			<wp:meta_value><![CDATA[default]]></wp:meta_value>
		</wp:postmeta>
		<wp:postmeta>
			<wp:meta_key><![CDATA[asalah_header_cart]]></wp:meta_key>
			<wp:meta_value><![CDATA[0]]></wp:meta_value>
		</wp:postmeta>
		<wp:postmeta>
			<wp:meta_key><![CDATA[asalah_header_wrapper]]></wp:meta_key>
			<wp:meta_value><![CDATA[0]]></wp:meta_value>
		</wp:postmeta>
		<wp:postmeta>
			<wp:meta_key><![CDATA[asalah_slider_wrapper]]></wp:meta_key>
			<wp:meta_value><![CDATA[0]]></wp:meta_value>
		</wp:postmeta>
		<wp:postmeta>
			<wp:meta_key><![CDATA[asalah_default_option_sticky_logo]]></wp:meta_key>
			<wp:meta_value><![CDATA[yes]]></wp:meta_value>
		</wp:postmeta>
		<wp:postmeta>
			<wp:meta_key><![CDATA[asalah_menu_style]]></wp:meta_key>
			<wp:meta_value><![CDATA[0]]></wp:meta_value>
		</wp:postmeta>
		<wp:postmeta>
			<wp:meta_key><![CDATA[asalah_menu_items_padding_top]]></wp:meta_key>
			<wp:meta_value><![CDATA[]]></wp:meta_value>
		</wp:postmeta>
		<wp:postmeta>
			<wp:meta_key><![CDATA[asalah_menu_items_padding_bottom]]></wp:meta_key>
			<wp:meta_value><![CDATA[]]></wp:meta_value>
		</wp:postmeta>
		<wp:postmeta>
			<wp:meta_key><![CDATA[asalah_sticky_menu_items_padding_top]]></wp:meta_key>
			<wp:meta_value><![CDATA[]]></wp:meta_value>
		</wp:postmeta>
		<wp:postmeta>
			<wp:meta_key><![CDATA[asalah_sticky_menu_items_padding_bottom]]></wp:meta_key>
			<wp:meta_value><![CDATA[]]></wp:meta_value>
		</wp:postmeta>
		<wp:postmeta>
			<wp:meta_key><![CDATA[asalah_search_style]]></wp:meta_key>
			<wp:meta_value><![CDATA[0]]></wp:meta_value>
		</wp:postmeta>
		<wp:postmeta>
			<wp:meta_key><![CDATA[asalah_page_sticky_sidebar]]></wp:meta_key>
			<wp:meta_value><![CDATA[0]]></wp:meta_value>
		</wp:postmeta>
		<wp:postmeta>
			<wp:meta_key><![CDATA[asalah_page_meta_info]]></wp:meta_key>
			<wp:meta_value><![CDATA[default]]></wp:meta_value>
		</wp:postmeta>
		<wp:postmeta>
			<wp:meta_key><![CDATA[asalah_page_author_box]]></wp:meta_key>
			<wp:meta_value><![CDATA[default]]></wp:meta_value>
		</wp:postmeta>
		<wp:postmeta>
			<wp:meta_key><![CDATA[asalah_page_author_meta]]></wp:meta_key>
			<wp:meta_value><![CDATA[default]]></wp:meta_value>
		</wp:postmeta>
		<wp:postmeta>
			<wp:meta_key><![CDATA[asalah_page_datetime]]></wp:meta_key>
			<wp:meta_value><![CDATA[default]]></wp:meta_value>
		</wp:postmeta>
		<wp:postmeta>
			<wp:meta_key><![CDATA[asalah_page_share]]></wp:meta_key>
			<wp:meta_value><![CDATA[default]]></wp:meta_value>
		</wp:postmeta>
		<wp:postmeta>
			<wp:meta_key><![CDATA[asalah_page_comments]]></wp:meta_key>
			<wp:meta_value><![CDATA[default]]></wp:meta_value>
		</wp:postmeta>
		<wp:postmeta>
			<wp:meta_key><![CDATA[asalah_top_header_scheme]]></wp:meta_key>
			<wp:meta_value><![CDATA[0]]></wp:meta_value>
		</wp:postmeta>
	</item>
	<item>
		<title>chef1</title>
		<link>https://ahmad.works/sanabel/6/chef1/</link>
		<pubDate>Sun, 14 Dec 2014 00:39:04 +0000</pubDate>
		<dc:creator><![CDATA[ahmad]]></dc:creator>
		<guid isPermaLink="false">http://ahmad.works/sanabel/6/wp-content/uploads/2014/12/chef1.jpg</guid>
		<description></description>
		<content:encoded><![CDATA[]]></content:encoded>
		<excerpt:encoded><![CDATA[]]></excerpt:encoded>
		<wp:post_id>11</wp:post_id>
		<wp:post_date><![CDATA[2014-12-14 00:39:04]]></wp:post_date>
		<wp:post_date_gmt><![CDATA[2014-12-14 00:39:04]]></wp:post_date_gmt>
		<wp:comment_status><![CDATA[open]]></wp:comment_status>
		<wp:ping_status><![CDATA[open]]></wp:ping_status>
		<wp:post_name><![CDATA[chef1]]></wp:post_name>
		<wp:status><![CDATA[inherit]]></wp:status>
		<wp:post_parent>0</wp:post_parent>
		<wp:menu_order>0</wp:menu_order>
		<wp:post_type><![CDATA[attachment]]></wp:post_type>
		<wp:post_password><![CDATA[]]></wp:post_password>
		<wp:is_sticky>0</wp:is_sticky>
		<wp:attachment_url><![CDATA[https://ahmad.works/sanabel/6/wp-content/uploads/2014/12/chef1.jpg]]></wp:attachment_url>
		<wp:postmeta>
			<wp:meta_key><![CDATA[_wp_attached_file]]></wp:meta_key>
			<wp:meta_value><![CDATA[2014/12/chef1.jpg]]></wp:meta_value>
		</wp:postmeta>
		<wp:postmeta>
			<wp:meta_key><![CDATA[_wp_attachment_metadata]]></wp:meta_key>
			<wp:meta_value><![CDATA[a:5:{s:5:"width";i:600;s:6:"height";i:481;s:4:"file";s:17:"2014/12/chef1.jpg";s:5:"sizes";a:8:{s:9:"thumbnail";a:4:{s:4:"file";s:17:"chef1-150x150.jpg";s:5:"width";i:150;s:6:"height";i:150;s:9:"mime-type";s:10:"image/jpeg";}s:6:"medium";a:4:{s:4:"file";s:17:"chef1-300x240.jpg";s:5:"width";i:300;s:6:"height";i:240;s:9:"mime-type";s:10:"image/jpeg";}s:8:"bloggrid";a:4:{s:4:"file";s:17:"chef1-460x320.jpg";s:5:"width";i:460;s:6:"height";i:320;s:9:"mime-type";s:10:"image/jpeg";}s:11:"blogmasonry";a:4:{s:4:"file";s:17:"chef1-460x368.jpg";s:5:"width";i:460;s:6:"height";i:368;s:9:"mime-type";s:10:"image/jpeg";}s:4:"blog";a:4:{s:4:"file";s:17:"chef1-600x480.jpg";s:5:"width";i:600;s:6:"height";i:480;s:9:"mime-type";s:10:"image/jpeg";}s:12:"blogcarousel";a:4:{s:4:"file";s:17:"chef1-310x260.jpg";s:5:"width";i:310;s:6:"height";i:260;s:9:"mime-type";s:10:"image/jpeg";}s:8:"bloglist";a:4:{s:4:"file";s:17:"chef1-160x100.jpg";s:5:"width";i:160;s:6:"height";i:100;s:9:"mime-type";s:10:"image/jpeg";}s:13:"smallbloglist";a:4:{s:4:"file";s:15:"chef1-42x42.jpg";s:5:"width";i:42;s:6:"height";i:42;s:9:"mime-type";s:10:"image/jpeg";}}s:10:"image_meta";a:10:{s:8:"aperture";i:0;s:6:"credit";s:0:"";s:6:"camera";s:0:"";s:7:"caption";s:0:"";s:17:"created_timestamp";i:0;s:9:"copyright";s:0:"";s:12:"focal_length";i:0;s:3:"iso";i:0;s:13:"shutter_speed";i:0;s:5:"title";s:0:"";}}]]></wp:meta_value>
		</wp:postmeta>
	</item>
	<item>
		<title>chef2</title>
		<link>https://ahmad.works/sanabel/6/chef2/</link>
		<pubDate>Sun, 14 Dec 2014 00:39:07 +0000</pubDate>
		<dc:creator><![CDATA[ahmad]]></dc:creator>
		<guid isPermaLink="false">http://ahmad.works/sanabel/6/wp-content/uploads/2014/12/chef2.jpg</guid>
		<description></description>
		<content:encoded><![CDATA[]]></content:encoded>
		<excerpt:encoded><![CDATA[]]></excerpt:encoded>
		<wp:post_id>12</wp:post_id>
		<wp:post_date><![CDATA[2014-12-14 00:39:07]]></wp:post_date>
		<wp:post_date_gmt><![CDATA[2014-12-14 00:39:07]]></wp:post_date_gmt>
		<wp:comment_status><![CDATA[open]]></wp:comment_status>
		<wp:ping_status><![CDATA[open]]></wp:ping_status>
		<wp:post_name><![CDATA[chef2]]></wp:post_name>
		<wp:status><![CDATA[inherit]]></wp:status>
		<wp:post_parent>0</wp:post_parent>
		<wp:menu_order>0</wp:menu_order>
		<wp:post_type><![CDATA[attachment]]></wp:post_type>
		<wp:post_password><![CDATA[]]></wp:post_password>
		<wp:is_sticky>0</wp:is_sticky>
		<wp:attachment_url><![CDATA[https://ahmad.works/sanabel/6/wp-content/uploads/2014/12/chef2.jpg]]></wp:attachment_url>
		<wp:postmeta>
			<wp:meta_key><![CDATA[_wp_attached_file]]></wp:meta_key>
			<wp:meta_value><![CDATA[2014/12/chef2.jpg]]></wp:meta_value>
		</wp:postmeta>
		<wp:postmeta>
			<wp:meta_key><![CDATA[_wp_attachment_metadata]]></wp:meta_key>
			<wp:meta_value><![CDATA[a:5:{s:5:"width";i:600;s:6:"height";i:481;s:4:"file";s:17:"2014/12/chef2.jpg";s:5:"sizes";a:8:{s:9:"thumbnail";a:4:{s:4:"file";s:17:"chef2-150x150.jpg";s:5:"width";i:150;s:6:"height";i:150;s:9:"mime-type";s:10:"image/jpeg";}s:6:"medium";a:4:{s:4:"file";s:17:"chef2-300x240.jpg";s:5:"width";i:300;s:6:"height";i:240;s:9:"mime-type";s:10:"image/jpeg";}s:8:"bloggrid";a:4:{s:4:"file";s:17:"chef2-460x320.jpg";s:5:"width";i:460;s:6:"height";i:320;s:9:"mime-type";s:10:"image/jpeg";}s:11:"blogmasonry";a:4:{s:4:"file";s:17:"chef2-460x368.jpg";s:5:"width";i:460;s:6:"height";i:368;s:9:"mime-type";s:10:"image/jpeg";}s:4:"blog";a:4:{s:4:"file";s:17:"chef2-600x480.jpg";s:5:"width";i:600;s:6:"height";i:480;s:9:"mime-type";s:10:"image/jpeg";}s:12:"blogcarousel";a:4:{s:4:"file";s:17:"chef2-310x260.jpg";s:5:"width";i:310;s:6:"height";i:260;s:9:"mime-type";s:10:"image/jpeg";}s:8:"bloglist";a:4:{s:4:"file";s:17:"chef2-160x100.jpg";s:5:"width";i:160;s:6:"height";i:100;s:9:"mime-type";s:10:"image/jpeg";}s:13:"smallbloglist";a:4:{s:4:"file";s:15:"chef2-42x42.jpg";s:5:"width";i:42;s:6:"height";i:42;s:9:"mime-type";s:10:"image/jpeg";}}s:10:"image_meta";a:10:{s:8:"aperture";i:0;s:6:"credit";s:0:"";s:6:"camera";s:0:"";s:7:"caption";s:0:"";s:17:"created_timestamp";i:0;s:9:"copyright";s:0:"";s:12:"focal_length";i:0;s:3:"iso";i:0;s:13:"shutter_speed";i:0;s:5:"title";s:0:"";}}]]></wp:meta_value>
		</wp:postmeta>
	</item>
	<item>
		<title>logo</title>
		<link>https://ahmad.works/sanabel/6/home/logo/</link>
		<pubDate>Sun, 14 Dec 2014 00:44:00 +0000</pubDate>
		<dc:creator><![CDATA[ahmad]]></dc:creator>
		<guid isPermaLink="false">http://ahmad.works/sanabel/6/wp-content/uploads/2014/12/logo.png</guid>
		<description></description>
		<content:encoded><![CDATA[]]></content:encoded>
		<excerpt:encoded><![CDATA[]]></excerpt:encoded>
		<wp:post_id>14</wp:post_id>
		<wp:post_date><![CDATA[2014-12-14 00:44:00]]></wp:post_date>
		<wp:post_date_gmt><![CDATA[2014-12-14 00:44:00]]></wp:post_date_gmt>
		<wp:comment_status><![CDATA[open]]></wp:comment_status>
		<wp:ping_status><![CDATA[open]]></wp:ping_status>
		<wp:post_name><![CDATA[logo]]></wp:post_name>
		<wp:status><![CDATA[inherit]]></wp:status>
		<wp:post_parent>5</wp:post_parent>
		<wp:menu_order>0</wp:menu_order>
		<wp:post_type><![CDATA[attachment]]></wp:post_type>
		<wp:post_password><![CDATA[]]></wp:post_password>
		<wp:is_sticky>0</wp:is_sticky>
		<wp:attachment_url><![CDATA[https://ahmad.works/sanabel/6/wp-content/uploads/2014/12/logo.png]]></wp:attachment_url>
		<wp:postmeta>
			<wp:meta_key><![CDATA[_wp_attached_file]]></wp:meta_key>
			<wp:meta_value><![CDATA[2014/12/logo.png]]></wp:meta_value>
		</wp:postmeta>
		<wp:postmeta>
			<wp:meta_key><![CDATA[_wp_attachment_metadata]]></wp:meta_key>
			<wp:meta_value><![CDATA[a:5:{s:5:"width";i:103;s:6:"height";i:80;s:4:"file";s:16:"2014/12/logo.png";s:5:"sizes";a:1:{s:13:"smallbloglist";a:4:{s:4:"file";s:14:"logo-42x42.png";s:5:"width";i:42;s:6:"height";i:42;s:9:"mime-type";s:9:"image/png";}}s:10:"image_meta";a:10:{s:8:"aperture";i:0;s:6:"credit";s:0:"";s:6:"camera";s:0:"";s:7:"caption";s:0:"";s:17:"created_timestamp";i:0;s:9:"copyright";s:0:"";s:12:"focal_length";i:0;s:3:"iso";i:0;s:13:"shutter_speed";i:0;s:5:"title";s:0:"";}}]]></wp:meta_value>
		</wp:postmeta>
	</item>
	<item>
		<title>resrevationbg</title>
		<link>https://ahmad.works/sanabel/6/resrevationbg/</link>
		<pubDate>Sat, 03 Jan 2015 18:15:25 +0000</pubDate>
		<dc:creator><![CDATA[ahmad]]></dc:creator>
		<guid isPermaLink="false">http://ahmad.works/sanabel/6/wp-content/uploads/2015/01/resrevationbg.jpg</guid>
		<description></description>
		<content:encoded><![CDATA[]]></content:encoded>
		<excerpt:encoded><![CDATA[]]></excerpt:encoded>
		<wp:post_id>44</wp:post_id>
		<wp:post_date><![CDATA[2015-01-03 18:15:25]]></wp:post_date>
		<wp:post_date_gmt><![CDATA[2015-01-03 18:15:25]]></wp:post_date_gmt>
		<wp:comment_status><![CDATA[open]]></wp:comment_status>
		<wp:ping_status><![CDATA[open]]></wp:ping_status>
		<wp:post_name><![CDATA[resrevationbg]]></wp:post_name>
		<wp:status><![CDATA[inherit]]></wp:status>
		<wp:post_parent>0</wp:post_parent>
		<wp:menu_order>0</wp:menu_order>
		<wp:post_type><![CDATA[attachment]]></wp:post_type>
		<wp:post_password><![CDATA[]]></wp:post_password>
		<wp:is_sticky>0</wp:is_sticky>
		<wp:attachment_url><![CDATA[https://ahmad.works/sanabel/6/wp-content/uploads/2015/01/resrevationbg.jpg]]></wp:attachment_url>
		<wp:postmeta>
			<wp:meta_key><![CDATA[_wp_attached_file]]></wp:meta_key>
			<wp:meta_value><![CDATA[2015/01/resrevationbg.jpg]]></wp:meta_value>
		</wp:postmeta>
		<wp:postmeta>
			<wp:meta_key><![CDATA[_wp_attachment_metadata]]></wp:meta_key>
			<wp:meta_value><![CDATA[a:5:{s:5:"width";i:1920;s:6:"height";i:1274;s:4:"file";s:25:"2015/01/resrevationbg.jpg";s:5:"sizes";a:11:{s:9:"thumbnail";a:4:{s:4:"file";s:25:"resrevationbg-150x150.jpg";s:5:"width";i:150;s:6:"height";i:150;s:9:"mime-type";s:10:"image/jpeg";}s:6:"medium";a:4:{s:4:"file";s:25:"resrevationbg-300x199.jpg";s:5:"width";i:300;s:6:"height";i:199;s:9:"mime-type";s:10:"image/jpeg";}s:5:"large";a:4:{s:4:"file";s:26:"resrevationbg-1024x679.jpg";s:5:"width";i:1024;s:6:"height";i:679;s:9:"mime-type";s:10:"image/jpeg";}s:9:"portfolio";a:4:{s:4:"file";s:25:"resrevationbg-640x500.jpg";s:5:"width";i:640;s:6:"height";i:500;s:9:"mime-type";s:10:"image/jpeg";}s:7:"masonry";a:4:{s:4:"file";s:25:"resrevationbg-640x424.jpg";s:5:"width";i:640;s:6:"height";i:424;s:9:"mime-type";s:10:"image/jpeg";}s:8:"bloggrid";a:4:{s:4:"file";s:25:"resrevationbg-460x320.jpg";s:5:"width";i:460;s:6:"height";i:320;s:9:"mime-type";s:10:"image/jpeg";}s:11:"blogmasonry";a:4:{s:4:"file";s:25:"resrevationbg-460x305.jpg";s:5:"width";i:460;s:6:"height";i:305;s:9:"mime-type";s:10:"image/jpeg";}s:4:"blog";a:4:{s:4:"file";s:26:"resrevationbg-1170x480.jpg";s:5:"width";i:1170;s:6:"height";i:480;s:9:"mime-type";s:10:"image/jpeg";}s:12:"blogcarousel";a:4:{s:4:"file";s:25:"resrevationbg-310x260.jpg";s:5:"width";i:310;s:6:"height";i:260;s:9:"mime-type";s:10:"image/jpeg";}s:8:"bloglist";a:4:{s:4:"file";s:25:"resrevationbg-160x100.jpg";s:5:"width";i:160;s:6:"height";i:100;s:9:"mime-type";s:10:"image/jpeg";}s:13:"smallbloglist";a:4:{s:4:"file";s:23:"resrevationbg-42x42.jpg";s:5:"width";i:42;s:6:"height";i:42;s:9:"mime-type";s:10:"image/jpeg";}}s:10:"image_meta";a:10:{s:8:"aperture";i:0;s:6:"credit";s:0:"";s:6:"camera";s:0:"";s:7:"caption";s:0:"";s:17:"created_timestamp";i:0;s:9:"copyright";s:0:"";s:12:"focal_length";i:0;s:3:"iso";i:0;s:13:"shutter_speed";i:0;s:5:"title";s:0:"";}}]]></wp:meta_value>
		</wp:postmeta>
	</item>
	<item>
		<title>team</title>
		<link>https://ahmad.works/sanabel/6/team/</link>
		<pubDate>Sat, 03 Jan 2015 19:04:14 +0000</pubDate>
		<dc:creator><![CDATA[ahmad]]></dc:creator>
		<guid isPermaLink="false">http://ahmad.works/sanabel/6/wp-content/uploads/2015/01/team.jpg</guid>
		<description></description>
		<content:encoded><![CDATA[]]></content:encoded>
		<excerpt:encoded><![CDATA[]]></excerpt:encoded>
		<wp:post_id>48</wp:post_id>
		<wp:post_date><![CDATA[2015-01-03 19:04:14]]></wp:post_date>
		<wp:post_date_gmt><![CDATA[2015-01-03 19:04:14]]></wp:post_date_gmt>
		<wp:comment_status><![CDATA[open]]></wp:comment_status>
		<wp:ping_status><![CDATA[open]]></wp:ping_status>
		<wp:post_name><![CDATA[team]]></wp:post_name>
		<wp:status><![CDATA[inherit]]></wp:status>
		<wp:post_parent>0</wp:post_parent>
		<wp:menu_order>0</wp:menu_order>
		<wp:post_type><![CDATA[attachment]]></wp:post_type>
		<wp:post_password><![CDATA[]]></wp:post_password>
		<wp:is_sticky>0</wp:is_sticky>
		<wp:attachment_url><![CDATA[https://ahmad.works/sanabel/6/wp-content/uploads/2015/01/team.jpg]]></wp:attachment_url>
		<wp:postmeta>
			<wp:meta_key><![CDATA[_wp_attached_file]]></wp:meta_key>
			<wp:meta_value><![CDATA[2015/01/team.jpg]]></wp:meta_value>
		</wp:postmeta>
		<wp:postmeta>
			<wp:meta_key><![CDATA[_wp_attachment_metadata]]></wp:meta_key>
			<wp:meta_value><![CDATA[a:5:{s:5:"width";i:600;s:6:"height";i:448;s:4:"file";s:16:"2015/01/team.jpg";s:5:"sizes";a:7:{s:9:"thumbnail";a:4:{s:4:"file";s:16:"team-150x150.jpg";s:5:"width";i:150;s:6:"height";i:150;s:9:"mime-type";s:10:"image/jpeg";}s:6:"medium";a:4:{s:4:"file";s:16:"team-300x224.jpg";s:5:"width";i:300;s:6:"height";i:224;s:9:"mime-type";s:10:"image/jpeg";}s:8:"bloggrid";a:4:{s:4:"file";s:16:"team-460x320.jpg";s:5:"width";i:460;s:6:"height";i:320;s:9:"mime-type";s:10:"image/jpeg";}s:11:"blogmasonry";a:4:{s:4:"file";s:16:"team-460x343.jpg";s:5:"width";i:460;s:6:"height";i:343;s:9:"mime-type";s:10:"image/jpeg";}s:12:"blogcarousel";a:4:{s:4:"file";s:16:"team-310x260.jpg";s:5:"width";i:310;s:6:"height";i:260;s:9:"mime-type";s:10:"image/jpeg";}s:8:"bloglist";a:4:{s:4:"file";s:16:"team-160x100.jpg";s:5:"width";i:160;s:6:"height";i:100;s:9:"mime-type";s:10:"image/jpeg";}s:13:"smallbloglist";a:4:{s:4:"file";s:14:"team-42x42.jpg";s:5:"width";i:42;s:6:"height";i:42;s:9:"mime-type";s:10:"image/jpeg";}}s:10:"image_meta";a:10:{s:8:"aperture";i:0;s:6:"credit";s:0:"";s:6:"camera";s:0:"";s:7:"caption";s:0:"";s:17:"created_timestamp";i:0;s:9:"copyright";s:0:"";s:12:"focal_length";i:0;s:3:"iso";i:0;s:13:"shutter_speed";i:0;s:5:"title";s:0:"";}}]]></wp:meta_value>
		</wp:postmeta>
	</item>
	<item>
		<title>menubg</title>
		<link>https://ahmad.works/sanabel/6/menubg/</link>
		<pubDate>Mon, 19 Jan 2015 14:38:10 +0000</pubDate>
		<dc:creator><![CDATA[ahmad]]></dc:creator>
		<guid isPermaLink="false">http://ahmad.works/sanabel/6/wp-content/uploads/2015/01/menubg.jpg</guid>
		<description></description>
		<content:encoded><![CDATA[]]></content:encoded>
		<excerpt:encoded><![CDATA[]]></excerpt:encoded>
		<wp:post_id>61</wp:post_id>
		<wp:post_date><![CDATA[2015-01-19 14:38:10]]></wp:post_date>
		<wp:post_date_gmt><![CDATA[2015-01-19 14:38:10]]></wp:post_date_gmt>
		<wp:comment_status><![CDATA[open]]></wp:comment_status>
		<wp:ping_status><![CDATA[open]]></wp:ping_status>
		<wp:post_name><![CDATA[menubg]]></wp:post_name>
		<wp:status><![CDATA[inherit]]></wp:status>
		<wp:post_parent>0</wp:post_parent>
		<wp:menu_order>0</wp:menu_order>
		<wp:post_type><![CDATA[attachment]]></wp:post_type>
		<wp:post_password><![CDATA[]]></wp:post_password>
		<wp:is_sticky>0</wp:is_sticky>
		<wp:attachment_url><![CDATA[https://ahmad.works/sanabel/6/wp-content/uploads/2015/01/menubg.jpg]]></wp:attachment_url>
		<wp:postmeta>
			<wp:meta_key><![CDATA[_wp_attached_file]]></wp:meta_key>
			<wp:meta_value><![CDATA[2015/01/menubg.jpg]]></wp:meta_value>
		</wp:postmeta>
		<wp:postmeta>
			<wp:meta_key><![CDATA[_wp_attachment_metadata]]></wp:meta_key>
			<wp:meta_value><![CDATA[a:5:{s:5:"width";i:1400;s:6:"height";i:930;s:4:"file";s:18:"2015/01/menubg.jpg";s:5:"sizes";a:11:{s:9:"thumbnail";a:4:{s:4:"file";s:18:"menubg-150x150.jpg";s:5:"width";i:150;s:6:"height";i:150;s:9:"mime-type";s:10:"image/jpeg";}s:6:"medium";a:4:{s:4:"file";s:18:"menubg-300x199.jpg";s:5:"width";i:300;s:6:"height";i:199;s:9:"mime-type";s:10:"image/jpeg";}s:5:"large";a:4:{s:4:"file";s:19:"menubg-1024x680.jpg";s:5:"width";i:1024;s:6:"height";i:680;s:9:"mime-type";s:10:"image/jpeg";}s:9:"portfolio";a:4:{s:4:"file";s:18:"menubg-640x500.jpg";s:5:"width";i:640;s:6:"height";i:500;s:9:"mime-type";s:10:"image/jpeg";}s:7:"masonry";a:4:{s:4:"file";s:18:"menubg-640x425.jpg";s:5:"width";i:640;s:6:"height";i:425;s:9:"mime-type";s:10:"image/jpeg";}s:8:"bloggrid";a:4:{s:4:"file";s:18:"menubg-460x320.jpg";s:5:"width";i:460;s:6:"height";i:320;s:9:"mime-type";s:10:"image/jpeg";}s:11:"blogmasonry";a:4:{s:4:"file";s:18:"menubg-460x305.jpg";s:5:"width";i:460;s:6:"height";i:305;s:9:"mime-type";s:10:"image/jpeg";}s:4:"blog";a:4:{s:4:"file";s:19:"menubg-1170x480.jpg";s:5:"width";i:1170;s:6:"height";i:480;s:9:"mime-type";s:10:"image/jpeg";}s:12:"blogcarousel";a:4:{s:4:"file";s:18:"menubg-310x260.jpg";s:5:"width";i:310;s:6:"height";i:260;s:9:"mime-type";s:10:"image/jpeg";}s:8:"bloglist";a:4:{s:4:"file";s:18:"menubg-160x100.jpg";s:5:"width";i:160;s:6:"height";i:100;s:9:"mime-type";s:10:"image/jpeg";}s:13:"smallbloglist";a:4:{s:4:"file";s:16:"menubg-42x42.jpg";s:5:"width";i:42;s:6:"height";i:42;s:9:"mime-type";s:10:"image/jpeg";}}s:10:"image_meta";a:10:{s:8:"aperture";i:0;s:6:"credit";s:0:"";s:6:"camera";s:0:"";s:7:"caption";s:0:"";s:17:"created_timestamp";i:0;s:9:"copyright";s:0:"";s:12:"focal_length";i:0;s:3:"iso";i:0;s:13:"shutter_speed";i:0;s:5:"title";s:0:"";}}]]></wp:meta_value>
		</wp:postmeta>
	</item>
	<item>
		<title>menu1</title>
		<link>https://ahmad.works/sanabel/6/menu1/</link>
		<pubDate>Mon, 19 Jan 2015 14:46:18 +0000</pubDate>
		<dc:creator><![CDATA[ahmad]]></dc:creator>
		<guid isPermaLink="false">http://ahmad.works/sanabel/6/wp-content/uploads/2015/01/menu1.jpg</guid>
		<description></description>
		<content:encoded><![CDATA[]]></content:encoded>
		<excerpt:encoded><![CDATA[]]></excerpt:encoded>
		<wp:post_id>62</wp:post_id>
		<wp:post_date><![CDATA[2015-01-19 14:46:18]]></wp:post_date>
		<wp:post_date_gmt><![CDATA[2015-01-19 14:46:18]]></wp:post_date_gmt>
		<wp:comment_status><![CDATA[open]]></wp:comment_status>
		<wp:ping_status><![CDATA[open]]></wp:ping_status>
		<wp:post_name><![CDATA[menu1]]></wp:post_name>
		<wp:status><![CDATA[inherit]]></wp:status>
		<wp:post_parent>0</wp:post_parent>
		<wp:menu_order>0</wp:menu_order>
		<wp:post_type><![CDATA[attachment]]></wp:post_type>
		<wp:post_password><![CDATA[]]></wp:post_password>
		<wp:is_sticky>0</wp:is_sticky>
		<wp:attachment_url><![CDATA[https://ahmad.works/sanabel/6/wp-content/uploads/2015/01/menu1.jpg]]></wp:attachment_url>
		<wp:postmeta>
			<wp:meta_key><![CDATA[_wp_attached_file]]></wp:meta_key>
			<wp:meta_value><![CDATA[2015/01/menu1.jpg]]></wp:meta_value>
		</wp:postmeta>
		<wp:postmeta>
			<wp:meta_key><![CDATA[_wp_attachment_metadata]]></wp:meta_key>
			<wp:meta_value><![CDATA[a:5:{s:5:"width";i:170;s:6:"height";i:125;s:4:"file";s:17:"2015/01/menu1.jpg";s:5:"sizes";a:3:{s:9:"thumbnail";a:4:{s:4:"file";s:17:"menu1-150x125.jpg";s:5:"width";i:150;s:6:"height";i:125;s:9:"mime-type";s:10:"image/jpeg";}s:8:"bloglist";a:4:{s:4:"file";s:17:"menu1-160x100.jpg";s:5:"width";i:160;s:6:"height";i:100;s:9:"mime-type";s:10:"image/jpeg";}s:13:"smallbloglist";a:4:{s:4:"file";s:15:"menu1-42x42.jpg";s:5:"width";i:42;s:6:"height";i:42;s:9:"mime-type";s:10:"image/jpeg";}}s:10:"image_meta";a:10:{s:8:"aperture";i:0;s:6:"credit";s:0:"";s:6:"camera";s:0:"";s:7:"caption";s:0:"";s:17:"created_timestamp";i:0;s:9:"copyright";s:0:"";s:12:"focal_length";i:0;s:3:"iso";i:0;s:13:"shutter_speed";i:0;s:5:"title";s:0:"";}}]]></wp:meta_value>
		</wp:postmeta>
	</item>
	<item>
		<title>menu2</title>
		<link>https://ahmad.works/sanabel/6/menu2/</link>
		<pubDate>Mon, 19 Jan 2015 14:46:21 +0000</pubDate>
		<dc:creator><![CDATA[ahmad]]></dc:creator>
		<guid isPermaLink="false">http://ahmad.works/sanabel/6/wp-content/uploads/2015/01/menu2.jpg</guid>
		<description></description>
		<content:encoded><![CDATA[]]></content:encoded>
		<excerpt:encoded><![CDATA[]]></excerpt:encoded>
		<wp:post_id>63</wp:post_id>
		<wp:post_date><![CDATA[2015-01-19 14:46:21]]></wp:post_date>
		<wp:post_date_gmt><![CDATA[2015-01-19 14:46:21]]></wp:post_date_gmt>
		<wp:comment_status><![CDATA[open]]></wp:comment_status>
		<wp:ping_status><![CDATA[open]]></wp:ping_status>
		<wp:post_name><![CDATA[menu2]]></wp:post_name>
		<wp:status><![CDATA[inherit]]></wp:status>
		<wp:post_parent>0</wp:post_parent>
		<wp:menu_order>0</wp:menu_order>
		<wp:post_type><![CDATA[attachment]]></wp:post_type>
		<wp:post_password><![CDATA[]]></wp:post_password>
		<wp:is_sticky>0</wp:is_sticky>
		<wp:attachment_url><![CDATA[https://ahmad.works/sanabel/6/wp-content/uploads/2015/01/menu2.jpg]]></wp:attachment_url>
		<wp:postmeta>
			<wp:meta_key><![CDATA[_wp_attached_file]]></wp:meta_key>
			<wp:meta_value><![CDATA[2015/01/menu2.jpg]]></wp:meta_value>
		</wp:postmeta>
		<wp:postmeta>
			<wp:meta_key><![CDATA[_wp_attachment_metadata]]></wp:meta_key>
			<wp:meta_value><![CDATA[a:5:{s:5:"width";i:170;s:6:"height";i:125;s:4:"file";s:17:"2015/01/menu2.jpg";s:5:"sizes";a:3:{s:9:"thumbnail";a:4:{s:4:"file";s:17:"menu2-150x125.jpg";s:5:"width";i:150;s:6:"height";i:125;s:9:"mime-type";s:10:"image/jpeg";}s:8:"bloglist";a:4:{s:4:"file";s:17:"menu2-160x100.jpg";s:5:"width";i:160;s:6:"height";i:100;s:9:"mime-type";s:10:"image/jpeg";}s:13:"smallbloglist";a:4:{s:4:"file";s:15:"menu2-42x42.jpg";s:5:"width";i:42;s:6:"height";i:42;s:9:"mime-type";s:10:"image/jpeg";}}s:10:"image_meta";a:10:{s:8:"aperture";i:0;s:6:"credit";s:0:"";s:6:"camera";s:0:"";s:7:"caption";s:0:"";s:17:"created_timestamp";i:0;s:9:"copyright";s:0:"";s:12:"focal_length";i:0;s:3:"iso";i:0;s:13:"shutter_speed";i:0;s:5:"title";s:0:"";}}]]></wp:meta_value>
		</wp:postmeta>
	</item>
	<item>
		<title>menu3</title>
		<link>https://ahmad.works/sanabel/6/menu3/</link>
		<pubDate>Mon, 19 Jan 2015 14:46:25 +0000</pubDate>
		<dc:creator><![CDATA[ahmad]]></dc:creator>
		<guid isPermaLink="false">http://ahmad.works/sanabel/6/wp-content/uploads/2015/01/menu3.jpg</guid>
		<description></description>
		<content:encoded><![CDATA[]]></content:encoded>
		<excerpt:encoded><![CDATA[]]></excerpt:encoded>
		<wp:post_id>64</wp:post_id>
		<wp:post_date><![CDATA[2015-01-19 14:46:25]]></wp:post_date>
		<wp:post_date_gmt><![CDATA[2015-01-19 14:46:25]]></wp:post_date_gmt>
		<wp:comment_status><![CDATA[open]]></wp:comment_status>
		<wp:ping_status><![CDATA[open]]></wp:ping_status>
		<wp:post_name><![CDATA[menu3]]></wp:post_name>
		<wp:status><![CDATA[inherit]]></wp:status>
		<wp:post_parent>0</wp:post_parent>
		<wp:menu_order>0</wp:menu_order>
		<wp:post_type><![CDATA[attachment]]></wp:post_type>
		<wp:post_password><![CDATA[]]></wp:post_password>
		<wp:is_sticky>0</wp:is_sticky>
		<wp:attachment_url><![CDATA[https://ahmad.works/sanabel/6/wp-content/uploads/2015/01/menu3.jpg]]></wp:attachment_url>
		<wp:postmeta>
			<wp:meta_key><![CDATA[_wp_attached_file]]></wp:meta_key>
			<wp:meta_value><![CDATA[2015/01/menu3.jpg]]></wp:meta_value>
		</wp:postmeta>
		<wp:postmeta>
			<wp:meta_key><![CDATA[_wp_attachment_metadata]]></wp:meta_key>
			<wp:meta_value><![CDATA[a:5:{s:5:"width";i:170;s:6:"height";i:125;s:4:"file";s:17:"2015/01/menu3.jpg";s:5:"sizes";a:3:{s:9:"thumbnail";a:4:{s:4:"file";s:17:"menu3-150x125.jpg";s:5:"width";i:150;s:6:"height";i:125;s:9:"mime-type";s:10:"image/jpeg";}s:8:"bloglist";a:4:{s:4:"file";s:17:"menu3-160x100.jpg";s:5:"width";i:160;s:6:"height";i:100;s:9:"mime-type";s:10:"image/jpeg";}s:13:"smallbloglist";a:4:{s:4:"file";s:15:"menu3-42x42.jpg";s:5:"width";i:42;s:6:"height";i:42;s:9:"mime-type";s:10:"image/jpeg";}}s:10:"image_meta";a:10:{s:8:"aperture";i:0;s:6:"credit";s:0:"";s:6:"camera";s:0:"";s:7:"caption";s:0:"";s:17:"created_timestamp";i:0;s:9:"copyright";s:0:"";s:12:"focal_length";i:0;s:3:"iso";i:0;s:13:"shutter_speed";i:0;s:5:"title";s:0:"";}}]]></wp:meta_value>
		</wp:postmeta>
	</item>
	<item>
		<title>menu4</title>
		<link>https://ahmad.works/sanabel/6/menu4/</link>
		<pubDate>Mon, 19 Jan 2015 14:46:29 +0000</pubDate>
		<dc:creator><![CDATA[ahmad]]></dc:creator>
		<guid isPermaLink="false">http://ahmad.works/sanabel/6/wp-content/uploads/2015/01/menu4.jpg</guid>
		<description></description>
		<content:encoded><![CDATA[]]></content:encoded>
		<excerpt:encoded><![CDATA[]]></excerpt:encoded>
		<wp:post_id>65</wp:post_id>
		<wp:post_date><![CDATA[2015-01-19 14:46:29]]></wp:post_date>
		<wp:post_date_gmt><![CDATA[2015-01-19 14:46:29]]></wp:post_date_gmt>
		<wp:comment_status><![CDATA[open]]></wp:comment_status>
		<wp:ping_status><![CDATA[open]]></wp:ping_status>
		<wp:post_name><![CDATA[menu4]]></wp:post_name>
		<wp:status><![CDATA[inherit]]></wp:status>
		<wp:post_parent>0</wp:post_parent>
		<wp:menu_order>0</wp:menu_order>
		<wp:post_type><![CDATA[attachment]]></wp:post_type>
		<wp:post_password><![CDATA[]]></wp:post_password>
		<wp:is_sticky>0</wp:is_sticky>
		<wp:attachment_url><![CDATA[https://ahmad.works/sanabel/6/wp-content/uploads/2015/01/menu4.jpg]]></wp:attachment_url>
		<wp:postmeta>
			<wp:meta_key><![CDATA[_wp_attached_file]]></wp:meta_key>
			<wp:meta_value><![CDATA[2015/01/menu4.jpg]]></wp:meta_value>
		</wp:postmeta>
		<wp:postmeta>
			<wp:meta_key><![CDATA[_wp_attachment_metadata]]></wp:meta_key>
			<wp:meta_value><![CDATA[a:5:{s:5:"width";i:170;s:6:"height";i:125;s:4:"file";s:17:"2015/01/menu4.jpg";s:5:"sizes";a:3:{s:9:"thumbnail";a:4:{s:4:"file";s:17:"menu4-150x125.jpg";s:5:"width";i:150;s:6:"height";i:125;s:9:"mime-type";s:10:"image/jpeg";}s:8:"bloglist";a:4:{s:4:"file";s:17:"menu4-160x100.jpg";s:5:"width";i:160;s:6:"height";i:100;s:9:"mime-type";s:10:"image/jpeg";}s:13:"smallbloglist";a:4:{s:4:"file";s:15:"menu4-42x42.jpg";s:5:"width";i:42;s:6:"height";i:42;s:9:"mime-type";s:10:"image/jpeg";}}s:10:"image_meta";a:10:{s:8:"aperture";i:0;s:6:"credit";s:0:"";s:6:"camera";s:0:"";s:7:"caption";s:0:"";s:17:"created_timestamp";i:0;s:9:"copyright";s:0:"";s:12:"focal_length";i:0;s:3:"iso";i:0;s:13:"shutter_speed";i:0;s:5:"title";s:0:"";}}]]></wp:meta_value>
		</wp:postmeta>
	</item>
	<item>
		<title>menu5</title>
		<link>https://ahmad.works/sanabel/6/menu5/</link>
		<pubDate>Mon, 19 Jan 2015 14:46:31 +0000</pubDate>
		<dc:creator><![CDATA[ahmad]]></dc:creator>
		<guid isPermaLink="false">http://ahmad.works/sanabel/6/wp-content/uploads/2015/01/menu5.jpg</guid>
		<description></description>
		<content:encoded><![CDATA[]]></content:encoded>
		<excerpt:encoded><![CDATA[]]></excerpt:encoded>
		<wp:post_id>66</wp:post_id>
		<wp:post_date><![CDATA[2015-01-19 14:46:31]]></wp:post_date>
		<wp:post_date_gmt><![CDATA[2015-01-19 14:46:31]]></wp:post_date_gmt>
		<wp:comment_status><![CDATA[open]]></wp:comment_status>
		<wp:ping_status><![CDATA[open]]></wp:ping_status>
		<wp:post_name><![CDATA[menu5]]></wp:post_name>
		<wp:status><![CDATA[inherit]]></wp:status>
		<wp:post_parent>0</wp:post_parent>
		<wp:menu_order>0</wp:menu_order>
		<wp:post_type><![CDATA[attachment]]></wp:post_type>
		<wp:post_password><![CDATA[]]></wp:post_password>
		<wp:is_sticky>0</wp:is_sticky>
		<wp:attachment_url><![CDATA[https://ahmad.works/sanabel/6/wp-content/uploads/2015/01/menu5.jpg]]></wp:attachment_url>
		<wp:postmeta>
			<wp:meta_key><![CDATA[_wp_attached_file]]></wp:meta_key>
			<wp:meta_value><![CDATA[2015/01/menu5.jpg]]></wp:meta_value>
		</wp:postmeta>
		<wp:postmeta>
			<wp:meta_key><![CDATA[_wp_attachment_metadata]]></wp:meta_key>
			<wp:meta_value><![CDATA[a:5:{s:5:"width";i:170;s:6:"height";i:125;s:4:"file";s:17:"2015/01/menu5.jpg";s:5:"sizes";a:3:{s:9:"thumbnail";a:4:{s:4:"file";s:17:"menu5-150x125.jpg";s:5:"width";i:150;s:6:"height";i:125;s:9:"mime-type";s:10:"image/jpeg";}s:8:"bloglist";a:4:{s:4:"file";s:17:"menu5-160x100.jpg";s:5:"width";i:160;s:6:"height";i:100;s:9:"mime-type";s:10:"image/jpeg";}s:13:"smallbloglist";a:4:{s:4:"file";s:15:"menu5-42x42.jpg";s:5:"width";i:42;s:6:"height";i:42;s:9:"mime-type";s:10:"image/jpeg";}}s:10:"image_meta";a:10:{s:8:"aperture";i:0;s:6:"credit";s:0:"";s:6:"camera";s:0:"";s:7:"caption";s:0:"";s:17:"created_timestamp";i:0;s:9:"copyright";s:0:"";s:12:"focal_length";i:0;s:3:"iso";i:0;s:13:"shutter_speed";i:0;s:5:"title";s:0:"";}}]]></wp:meta_value>
		</wp:postmeta>
	</item>
	<item>
		<title>menu6</title>
		<link>https://ahmad.works/sanabel/6/menu6/</link>
		<pubDate>Mon, 19 Jan 2015 14:46:33 +0000</pubDate>
		<dc:creator><![CDATA[ahmad]]></dc:creator>
		<guid isPermaLink="false">http://ahmad.works/sanabel/6/wp-content/uploads/2015/01/menu6.jpg</guid>
		<description></description>
		<content:encoded><![CDATA[]]></content:encoded>
		<excerpt:encoded><![CDATA[]]></excerpt:encoded>
		<wp:post_id>67</wp:post_id>
		<wp:post_date><![CDATA[2015-01-19 14:46:33]]></wp:post_date>
		<wp:post_date_gmt><![CDATA[2015-01-19 14:46:33]]></wp:post_date_gmt>
		<wp:comment_status><![CDATA[open]]></wp:comment_status>
		<wp:ping_status><![CDATA[open]]></wp:ping_status>
		<wp:post_name><![CDATA[menu6]]></wp:post_name>
		<wp:status><![CDATA[inherit]]></wp:status>
		<wp:post_parent>0</wp:post_parent>
		<wp:menu_order>0</wp:menu_order>
		<wp:post_type><![CDATA[attachment]]></wp:post_type>
		<wp:post_password><![CDATA[]]></wp:post_password>
		<wp:is_sticky>0</wp:is_sticky>
		<wp:attachment_url><![CDATA[https://ahmad.works/sanabel/6/wp-content/uploads/2015/01/menu6.jpg]]></wp:attachment_url>
		<wp:postmeta>
			<wp:meta_key><![CDATA[_wp_attached_file]]></wp:meta_key>
			<wp:meta_value><![CDATA[2015/01/menu6.jpg]]></wp:meta_value>
		</wp:postmeta>
		<wp:postmeta>
			<wp:meta_key><![CDATA[_wp_attachment_metadata]]></wp:meta_key>
			<wp:meta_value><![CDATA[a:5:{s:5:"width";i:170;s:6:"height";i:125;s:4:"file";s:17:"2015/01/menu6.jpg";s:5:"sizes";a:3:{s:9:"thumbnail";a:4:{s:4:"file";s:17:"menu6-150x125.jpg";s:5:"width";i:150;s:6:"height";i:125;s:9:"mime-type";s:10:"image/jpeg";}s:8:"bloglist";a:4:{s:4:"file";s:17:"menu6-160x100.jpg";s:5:"width";i:160;s:6:"height";i:100;s:9:"mime-type";s:10:"image/jpeg";}s:13:"smallbloglist";a:4:{s:4:"file";s:15:"menu6-42x42.jpg";s:5:"width";i:42;s:6:"height";i:42;s:9:"mime-type";s:10:"image/jpeg";}}s:10:"image_meta";a:10:{s:8:"aperture";i:0;s:6:"credit";s:0:"";s:6:"camera";s:0:"";s:7:"caption";s:0:"";s:17:"created_timestamp";i:0;s:9:"copyright";s:0:"";s:12:"focal_length";i:0;s:3:"iso";i:0;s:13:"shutter_speed";i:0;s:5:"title";s:0:"";}}]]></wp:meta_value>
		</wp:postmeta>
	</item>
	<item>
		<title>menu7</title>
		<link>https://ahmad.works/sanabel/6/menu7/</link>
		<pubDate>Mon, 19 Jan 2015 14:46:35 +0000</pubDate>
		<dc:creator><![CDATA[ahmad]]></dc:creator>
		<guid isPermaLink="false">http://ahmad.works/sanabel/6/wp-content/uploads/2015/01/menu7.jpg</guid>
		<description></description>
		<content:encoded><![CDATA[]]></content:encoded>
		<excerpt:encoded><![CDATA[]]></excerpt:encoded>
		<wp:post_id>68</wp:post_id>
		<wp:post_date><![CDATA[2015-01-19 14:46:35]]></wp:post_date>
		<wp:post_date_gmt><![CDATA[2015-01-19 14:46:35]]></wp:post_date_gmt>
		<wp:comment_status><![CDATA[open]]></wp:comment_status>
		<wp:ping_status><![CDATA[open]]></wp:ping_status>
		<wp:post_name><![CDATA[menu7]]></wp:post_name>
		<wp:status><![CDATA[inherit]]></wp:status>
		<wp:post_parent>0</wp:post_parent>
		<wp:menu_order>0</wp:menu_order>
		<wp:post_type><![CDATA[attachment]]></wp:post_type>
		<wp:post_password><![CDATA[]]></wp:post_password>
		<wp:is_sticky>0</wp:is_sticky>
		<wp:attachment_url><![CDATA[https://ahmad.works/sanabel/6/wp-content/uploads/2015/01/menu7.jpg]]></wp:attachment_url>
		<wp:postmeta>
			<wp:meta_key><![CDATA[_wp_attachment_metadata]]></wp:meta_key>
			<wp:meta_value><![CDATA[a:5:{s:5:"width";i:170;s:6:"height";i:125;s:4:"file";s:17:"2015/01/menu7.jpg";s:5:"sizes";a:3:{s:9:"thumbnail";a:4:{s:4:"file";s:17:"menu7-150x125.jpg";s:5:"width";i:150;s:6:"height";i:125;s:9:"mime-type";s:10:"image/jpeg";}s:8:"bloglist";a:4:{s:4:"file";s:17:"menu7-160x100.jpg";s:5:"width";i:160;s:6:"height";i:100;s:9:"mime-type";s:10:"image/jpeg";}s:13:"smallbloglist";a:4:{s:4:"file";s:15:"menu7-42x42.jpg";s:5:"width";i:42;s:6:"height";i:42;s:9:"mime-type";s:10:"image/jpeg";}}s:10:"image_meta";a:10:{s:8:"aperture";i:0;s:6:"credit";s:0:"";s:6:"camera";s:0:"";s:7:"caption";s:0:"";s:17:"created_timestamp";i:0;s:9:"copyright";s:0:"";s:12:"focal_length";i:0;s:3:"iso";i:0;s:13:"shutter_speed";i:0;s:5:"title";s:0:"";}}]]></wp:meta_value>
		</wp:postmeta>
		<wp:postmeta>
			<wp:meta_key><![CDATA[_wp_attached_file]]></wp:meta_key>
			<wp:meta_value><![CDATA[2015/01/menu7.jpg]]></wp:meta_value>
		</wp:postmeta>
	</item>
	<item>
		<title>menu8</title>
		<link>https://ahmad.works/sanabel/6/menu8/</link>
		<pubDate>Mon, 19 Jan 2015 14:46:37 +0000</pubDate>
		<dc:creator><![CDATA[ahmad]]></dc:creator>
		<guid isPermaLink="false">http://ahmad.works/sanabel/6/wp-content/uploads/2015/01/menu8.jpg</guid>
		<description></description>
		<content:encoded><![CDATA[]]></content:encoded>
		<excerpt:encoded><![CDATA[]]></excerpt:encoded>
		<wp:post_id>69</wp:post_id>
		<wp:post_date><![CDATA[2015-01-19 14:46:37]]></wp:post_date>
		<wp:post_date_gmt><![CDATA[2015-01-19 14:46:37]]></wp:post_date_gmt>
		<wp:comment_status><![CDATA[open]]></wp:comment_status>
		<wp:ping_status><![CDATA[open]]></wp:ping_status>
		<wp:post_name><![CDATA[menu8]]></wp:post_name>
		<wp:status><![CDATA[inherit]]></wp:status>
		<wp:post_parent>0</wp:post_parent>
		<wp:menu_order>0</wp:menu_order>
		<wp:post_type><![CDATA[attachment]]></wp:post_type>
		<wp:post_password><![CDATA[]]></wp:post_password>
		<wp:is_sticky>0</wp:is_sticky>
		<wp:attachment_url><![CDATA[https://ahmad.works/sanabel/6/wp-content/uploads/2015/01/menu8.jpg]]></wp:attachment_url>
		<wp:postmeta>
			<wp:meta_key><![CDATA[_wp_attached_file]]></wp:meta_key>
			<wp:meta_value><![CDATA[2015/01/menu8.jpg]]></wp:meta_value>
		</wp:postmeta>
		<wp:postmeta>
			<wp:meta_key><![CDATA[_wp_attachment_metadata]]></wp:meta_key>
			<wp:meta_value><![CDATA[a:5:{s:5:"width";i:170;s:6:"height";i:125;s:4:"file";s:17:"2015/01/menu8.jpg";s:5:"sizes";a:3:{s:9:"thumbnail";a:4:{s:4:"file";s:17:"menu8-150x125.jpg";s:5:"width";i:150;s:6:"height";i:125;s:9:"mime-type";s:10:"image/jpeg";}s:8:"bloglist";a:4:{s:4:"file";s:17:"menu8-160x100.jpg";s:5:"width";i:160;s:6:"height";i:100;s:9:"mime-type";s:10:"image/jpeg";}s:13:"smallbloglist";a:4:{s:4:"file";s:15:"menu8-42x42.jpg";s:5:"width";i:42;s:6:"height";i:42;s:9:"mime-type";s:10:"image/jpeg";}}s:10:"image_meta";a:10:{s:8:"aperture";i:0;s:6:"credit";s:0:"";s:6:"camera";s:0:"";s:7:"caption";s:0:"";s:17:"created_timestamp";i:0;s:9:"copyright";s:0:"";s:12:"focal_length";i:0;s:3:"iso";i:0;s:13:"shutter_speed";i:0;s:5:"title";s:0:"";}}]]></wp:meta_value>
		</wp:postmeta>
	</item>
	<item>
		<title>teambg</title>
		<link>https://ahmad.works/sanabel/6/teambg/</link>
		<pubDate>Mon, 19 Jan 2015 14:47:21 +0000</pubDate>
		<dc:creator><![CDATA[ahmad]]></dc:creator>
		<guid isPermaLink="false">http://ahmad.works/sanabel/6/wp-content/uploads/2015/01/teambg.jpg</guid>
		<description></description>
		<content:encoded><![CDATA[]]></content:encoded>
		<excerpt:encoded><![CDATA[]]></excerpt:encoded>
		<wp:post_id>70</wp:post_id>
		<wp:post_date><![CDATA[2015-01-19 14:47:21]]></wp:post_date>
		<wp:post_date_gmt><![CDATA[2015-01-19 14:47:21]]></wp:post_date_gmt>
		<wp:comment_status><![CDATA[open]]></wp:comment_status>
		<wp:ping_status><![CDATA[open]]></wp:ping_status>
		<wp:post_name><![CDATA[teambg]]></wp:post_name>
		<wp:status><![CDATA[inherit]]></wp:status>
		<wp:post_parent>0</wp:post_parent>
		<wp:menu_order>0</wp:menu_order>
		<wp:post_type><![CDATA[attachment]]></wp:post_type>
		<wp:post_password><![CDATA[]]></wp:post_password>
		<wp:is_sticky>0</wp:is_sticky>
		<wp:attachment_url><![CDATA[https://ahmad.works/sanabel/6/wp-content/uploads/2015/01/teambg.jpg]]></wp:attachment_url>
		<wp:postmeta>
			<wp:meta_key><![CDATA[_wp_attached_file]]></wp:meta_key>
			<wp:meta_value><![CDATA[2015/01/teambg.jpg]]></wp:meta_value>
		</wp:postmeta>
		<wp:postmeta>
			<wp:meta_key><![CDATA[_wp_attachment_metadata]]></wp:meta_key>
			<wp:meta_value><![CDATA[a:5:{s:5:"width";i:1400;s:6:"height";i:902;s:4:"file";s:18:"2015/01/teambg.jpg";s:5:"sizes";a:11:{s:9:"thumbnail";a:4:{s:4:"file";s:18:"teambg-150x150.jpg";s:5:"width";i:150;s:6:"height";i:150;s:9:"mime-type";s:10:"image/jpeg";}s:6:"medium";a:4:{s:4:"file";s:18:"teambg-300x193.jpg";s:5:"width";i:300;s:6:"height";i:193;s:9:"mime-type";s:10:"image/jpeg";}s:5:"large";a:4:{s:4:"file";s:19:"teambg-1024x659.jpg";s:5:"width";i:1024;s:6:"height";i:659;s:9:"mime-type";s:10:"image/jpeg";}s:9:"portfolio";a:4:{s:4:"file";s:18:"teambg-640x500.jpg";s:5:"width";i:640;s:6:"height";i:500;s:9:"mime-type";s:10:"image/jpeg";}s:7:"masonry";a:4:{s:4:"file";s:18:"teambg-640x412.jpg";s:5:"width";i:640;s:6:"height";i:412;s:9:"mime-type";s:10:"image/jpeg";}s:8:"bloggrid";a:4:{s:4:"file";s:18:"teambg-460x320.jpg";s:5:"width";i:460;s:6:"height";i:320;s:9:"mime-type";s:10:"image/jpeg";}s:11:"blogmasonry";a:4:{s:4:"file";s:18:"teambg-460x296.jpg";s:5:"width";i:460;s:6:"height";i:296;s:9:"mime-type";s:10:"image/jpeg";}s:4:"blog";a:4:{s:4:"file";s:19:"teambg-1170x480.jpg";s:5:"width";i:1170;s:6:"height";i:480;s:9:"mime-type";s:10:"image/jpeg";}s:12:"blogcarousel";a:4:{s:4:"file";s:18:"teambg-310x260.jpg";s:5:"width";i:310;s:6:"height";i:260;s:9:"mime-type";s:10:"image/jpeg";}s:8:"bloglist";a:4:{s:4:"file";s:18:"teambg-160x100.jpg";s:5:"width";i:160;s:6:"height";i:100;s:9:"mime-type";s:10:"image/jpeg";}s:13:"smallbloglist";a:4:{s:4:"file";s:16:"teambg-42x42.jpg";s:5:"width";i:42;s:6:"height";i:42;s:9:"mime-type";s:10:"image/jpeg";}}s:10:"image_meta";a:10:{s:8:"aperture";i:0;s:6:"credit";s:0:"";s:6:"camera";s:0:"";s:7:"caption";s:0:"";s:17:"created_timestamp";i:0;s:9:"copyright";s:0:"";s:12:"focal_length";i:0;s:3:"iso";i:0;s:13:"shutter_speed";i:0;s:5:"title";s:0:"";}}]]></wp:meta_value>
		</wp:postmeta>
	</item>
</channel>
</rss>
