[{"footer-1":["text-2"],"footer-2":["postlist-widget-3"],"footer-3":["categories-4","search-4"]},{"text":{"2":{"title":"About Sana.Brand","text":"Sanabel is a genuine multi-purpose theme which works for anybody to build anything he imagines, you can build what ever you want however you want.\r\n[space size=\"30\"]\r\n[my_social color=\"#343434\"]","filter":false},"_multiwidget":1},"postlist-widget":{"3":{"title":"Recent Posts","thumbnail":"smallbloglist","number":"3","order":"date","tags":""},"_multiwidget":1},"categories":{"4":{"title":"","count":0,"hierarchical":0,"dropdown":0},"_multiwidget":1},"search":{"4":{"title":""},"_multiwidget":1}}]