[{"sidebar-1":["text-2"],"footer-1":["text-4"],"footer-2":["text-5"]},{"text":{"2":{"title":"","text":"[img url=\"http:\/\/ahmad.works\/sanabel\/9\/wp-content\/uploads\/2014\/12\/signature_white.png\"]\r\n\u00a9 Sanabrain 2014 | All Rights Reserved","filter":false},"4":{"title":"","text":"[img url=\"http:\/\/ahmad.works\/sanabel\/9\/wp-content\/uploads\/2014\/12\/signature_white.png\" align=\"none\"]\r\n\u00a9 Sanabrain 2014 | All Rights Reserved","filter":false},"5":{"title":"FOLLOW.","text":"[my_social color=\"#444\"]","filter":false},"_multiwidget":1}}]