[{"sidebar-1":["search-2","recent-posts-2","recent-comments-2","archives-2","categories-2","meta-2","search-5","postlist-widget-5","tag_cloud-6","categories-6","archives-4"],"footer-1":["text-3"],"footer-2":["postlist-widget-6"],"footer-3":["categories-7"],"footer-4":["search-6","tag_cloud-7"],"asalah_custom_sidebar_1":["nav_menu-2"]},{"search":{"2":{"title":""},"5":{"title":""},"6":{"title":"Explore More."},"_multiwidget":1},"recent-posts":{"2":{"title":"","number":5},"_multiwidget":1},"recent-comments":{"2":{"title":"","number":5},"_multiwidget":1},"archives":{"2":{"title":"","count":0,"dropdown":0},"4":{"title":"","count":0,"dropdown":0},"_multiwidget":1},"categories":{"2":{"title":"","count":0,"hierarchical":0,"dropdown":0},"6":{"title":"","count":0,"hierarchical":0,"dropdown":0},"7":{"title":"","count":0,"hierarchical":0,"dropdown":0},"_multiwidget":1},"meta":{"2":{"title":""},"_multiwidget":1},"postlist-widget":{"5":{"title":"Recent Posts","thumbnail":"smallbloglist","number":"5","order":"date","tags":""},"6":{"title":"Recent Posts.","thumbnail":"smallbloglist","number":"4","order":"date","tags":""},"_multiwidget":1},"tag_cloud":{"6":{"title":"Tags","taxonomy":"post_tag"},"7":{"title":"","taxonomy":"post_tag"},"_multiwidget":1},"text":{"3":{"title":"About Sanabel.","text":"Sanabel is a genuine multi-purpose theme which works for anybody to build anything he imagines, you can build what ever you want however you want.\r\n[space]\r\n[my_social color=\"#343434\"]","filter":false},"_multiwidget":1},"nav_menu":{"2":{"nav_menu":30},"_multiwidget":1}}]